female_21_RLEMSLS_face_1.jpg,0.210526315789,train
female_24_N8RMHUS_face_1.jpg,-0.398169336384,train
female_18_RRGMNZK_face_0.jpg,2.80555555556,train
female_19_RSEQGLG_face_0.jpg,1.88410596026,train
female_22_K8OQGRB_face_0.jpg,-1.43708609272,train
female_23_AUGUNLH_face_0.jpg,-0.848970251716,train
female_19_RRNZESO_face_0.jpg,0.524027459954,train
female_28_ALEROQG_face_0.jpg,1.28145695364,train
female_33_RSBQNEA_face_0.jpg,-2.35416666667,train
female_22_RQSURUN_face_0.jpg,1.17880794702,train
female_21_RROLRES_face_0.jpg,-3.85416666667,train
female_23_AQHRHSN_face_1.jpg,1.88079470199,train
female_23_RSEZGUB_face_0.jpg,-1.1059602649,train
female_18_RRSLNLN_face_0.jpg,1.15231788079,train
female_19_RLE8GMA_face_0.jpg,-0.366132723112,train
female_20_RRGUGQN_face_0.jpg,0.739130434783,train
female_24_GZALNMH_face_0.jpg,0.0892448512586,train
female_20_RMSMAQH_face_0.jpg,-0.58352402746,train
female_18_AZK8EMA_face_0.jpg,1.9238410596,train
female_18_RYNMHRG_face_0.jpg,2.5,train
female_34_AZEZS8A_face_1.jpg,0.903890160183,train
female_33_RQGZGUA_face_0.jpg,1.54966887417,train
female_25_RSN8SEG_face_0.jpg,-0.681922196796,train
female_20_ARKEOZB_face_0.jpg,-1.22847682119,train
female_19_AUG8SLS_face_0.jpg,2.26388888889,train
female_18_RRELGRA_face_0.jpg,-0.427917620137,train
female_26_BRNSRR_face_0.jpg,0.217391304348,train
female_18_EMGUHRG_face_0.jpg,-1.62913907285,train
female_18_ARNRESA_face_0.jpg,1.64900662252,train
female_24_AZAQRSE_face_2.jpg,-0.62700228833,train
female_19_RLEUKMH_face_0.jpg,-1.07284768212,train
female_18_RLKMRUE_face_0.jpg,-1.94039735099,train
female_18_RRHMSZE_face_0.jpg,3.16666666667,train
female_18_RQG8ALS_face_0.jpg,-0.755148741419,train
female_28_RYEZSYO_face_0.jpg,-1.59602649007,train
female_24_GYG8AUG_face_0.jpg,1.20198675497,train
female_24_RQSQEYE_face_0.jpg,1.96357615894,train
female_33_RLOSSZR_face_1.jpg,-3.41666666667,train
female_23_RLN8RYE_face_2.jpg,-1.50331125828,train
female_18_RRBMH8G_face_0.jpg,2.90277777778,train
female_18_EUBZBRK_face_0.jpg,-2.21527777778,train
female_23_RQNLBMO_face_0.jpg,-0.899313501144,train
female_18_RLSMNRH_face_0.jpg,-0.0297482837529,train
female_25_KMBEBSN_face_0.jpg,1.9701986755,train
female_32_AYBSBYN_face_0.jpg,-0.697940503432,train
female_22_EUBUSYR_face_0.jpg,-1.93708609272,train
female_33_RRBSSSG_face_0.jpg,1.48675496689,train
female_30_RRRLRSB_face_0.jpg,1.23178807947,train
female_18_RLOMHQR_face_0.jpg,-1.2880794702,train
female_32_RRRRNEK_face_0.jpg,0.130434782609,train
female_36_RLS8RMA_face_1.jpg,-0.974828375286,train
female_25_RRKMBUO_face_0.jpg,-0.926773455378,train
female_24_AQGYR8B_face_0.jpg,0.816933638444,train
female_31_N8BESMG_face_1.jpg,-0.775743707094,train
female_27_RLSESZG_face_0.jpg,1.32781456954,train
female_37_OESUOZR_face_0.jpg,-2.1875,train
female_18_A8ALGRK_face_1.jpg,1.59933774834,train
female_18_RQA8HEE_face_0.jpg,0.913043478261,train
female_18_EZHRBRR_face_0.jpg,0.0114416475973,train
female_20_ELSMGLG_face_0.jpg,-1.61258278146,train
female_36_EQSYHZK_face_0.jpg,-0.70938215103,train
female_35_RQNYGRR_face_0.jpg,-0.311212814645,train
female_22_RSGZKLG_face_0.jpg,2.375,train
female_18_AENRKSA_face_0.jpg,0.462242562929,train
female_33_AZGRHEE_face_0.jpg,-2.88888888889,train
female_25_RSEYSMS_face_0.jpg,-1.90397350993,train
female_19_BSBUS8B_face_0.jpg,0.87643020595,train
female_21_OEB8S8H_face_0.jpg,-0.711670480549,train
female_24_RMKLSMH_face_0.jpg,-2.55555555556,train
female_22_OZO8GSK_face_0.jpg,0.70709382151,train
female_23_RLAUREO_face_0.jpg,1.52317880795,train
female_34_AYASASS_face_1.jpg,-0.862700228833,train
female_21_RRHEHMH_face_0.jpg,-0.901601830664,train
female_34_RSAENQR_face_0.jpg,-0.070938215103,train
female_25_GYBRELK_face_0.jpg,-0.409610983982,train
female_23_EUHQGSR_face_0.jpg,-1.85430463576,train
female_22_NQHZHUE_face_0.jpg,-1.28476821192,train
female_23_RRGQOQE_face_1.jpg,0.254004576659,train
female_23_NQBMBQA_face_0.jpg,-0.240274599542,train
female_24_RLRYAEA_face_1.jpg,0.592677345538,train
female_25_RUAZG8A_face_0.jpg,-2.50694444444,train
female_26_RRREHSR_face_0.jpg,0.503432494279,train
female_28_O8SSKYE_face_0.jpg,0.766590389016,train
female_27_AUSZHLG_face_0.jpg,0.0183066361556,train
female_35_RRGURZG_face_1.jpg,-1.12913907285,train
female_18_AUKZALK_face_0.jpg,-1.40066225166,train
female_19_AZS8KEK_face_1.jpg,-0.480549199085,train
female_19_AQNSBRR_face_0.jpg,0.242562929062,train
female_18_ASBRKUK_face_0.jpg,2.99305555556,train
female_21_ARBLSEO_face_0.jpg,-0.368421052632,train
female_26_RLHMOEB_face_0.jpg,1.15562913907,train
female_20_BUOMSZK_face_0.jpg,1.62913907285,train
female_31_EQRUBZR_face_1.jpg,1.76158940397,train
female_30_RLELHQN_face_0.jpg,0.938215102975,train
female_40_RQOEEYE_face_0.jpg,-1.30132450331,train
female_29_RROEEEB_face_0.jpg,-2.73611111111,train
female_28_GLNLHQE_face_0.jpg,0.203661327231,train
female_36_RLNUNRE_face_2.jpg,-1.38410596026,train
female_33_AZSEKMK_face_0.jpg,0.226544622426,train
female_22_OEOSEMO_face_0.jpg,3.125,train
female_22_OEOSEMO_face_2.jpg,1.02317880795,train
female_18_ARA8SMG_face_0.jpg,2.125,train
female_22_KLORSLO_face_0.jpg,-0.599542334096,train
female_29_RROSHLB_face_1.jpg,-0.137299771167,train
female_35_RRNLOQG_face_0.jpg,-2.78472222222,train
female_23_RRSLAMN_face_0.jpg,1.98344370861,train
female_21_RROLEYH_face_1.jpg,-0.796338672769,train
female_21_AQEYGRN_face_0.jpg,0.70938215103,train
female_38_AMOQAUH_face_0.jpg,-0.798627002288,train
female_23_NQBLOEH_face_1.jpg,0.745995423341,train
female_26_AQO8HQK_face_0.jpg,-3.375,train
female_20_RQBQKZB_face_0.jpg,1.65562913907,train
female_18_RLELOMH_face_0.jpg,2.06944444444,train
female_23_RUOLNLR_face_1.jpg,-2.3125,train
female_19_RLSUEQR_face_0.jpg,-1.70860927152,train
female_20_RLSUOZR_face_0.jpg,0.400457665904,train
female_20_RLRYEMO_face_1.jpg,0.0297482837529,train
female_21_RRKZALE_face_0.jpg,0.0205949656751,train
female_30_GLNQGEA_face_0.jpg,1.06622516556,train
female_18_AURERRA_face_0.jpg,0.656750572082,train
female_18_RMKZOEB_face_0.jpg,-0.977116704805,train
female_19_AZGZKLN_face_0.jpg,0.425629290618,train
female_37_RSBRKSH_face_0.jpg,-2.5,train
female_25_RQOSG8K_face_1.jpg,0.629290617849,train
female_21_RYGRGLB_face_0.jpg,0.768878718535,train
female_22_RRESRLN_face_0.jpg,-1.80794701987,train
female_18_RROEBEO_face_1.jpg,-1.83774834437,train
female_26_AUOUNZN_face_0.jpg,-0.519450800915,train
female_18_RRNUHZR_face_0.jpg,1.22847682119,train
female_23_ELSYGSR_face_0.jpg,1.44701986755,train
female_25_OMEMKRK_face_0.jpg,0.308924485126,train
female_26_BUSREZK_face_0.jpg,1.94039735099,train
female_20_AUSQSRA_face_0.jpg,1.67880794702,train
female_20_RSRZAMB_face_0.jpg,3.97916666667,train
female_22_ELOZBEK_face_0.jpg,-1.13245033113,train
female_18_RRKEHYG_face_0.jpg,1.09602649007,train
female_19_RQKLOEA_face_0.jpg,-2.86805555556,train
female_18_RUSSSMG_face_0.jpg,-1.25165562914,train
female_35_RRNSERG_face_1.jpg,0.12585812357,train
female_20_AEGYBME_face_0.jpg,-0.153318077803,train
female_39_AZREEQE_face_0.jpg,-4.81818181818,train
female_20_RQHUNUK_face_0.jpg,-1.04635761589,train
female_18_OYSSREG_face_0.jpg,0.267734553776,train
female_18_RROZGZS_face_1.jpg,2.34722222222,train
female_20_AUOYKYE_face_1.jpg,-0.105263157895,train
female_32_RQAMKRA_face_0.jpg,-2.09722222222,train
female_18_AUKSAUE_face_0.jpg,-2.88194444444,train
female_18_OEK8BRR_face_0.jpg,1.3940397351,train
female_18_RRNUOMR_face_0.jpg,-0.762013729977,train
female_18_RQORNZR_face_1.jpg,-2.23611111111,train
female_22_RQASSEK_face_0.jpg,1.85099337748,train
female_18_AUKLHES_face_0.jpg,0.830663615561,train
female_19_RYHZKYB_face_2.jpg,-0.839816933638,train
female_20_RRNZGQK_face_1.jpg,-4.09090909091,train
female_39_AMBEKZK_face_1.jpg,-1.40397350993,train
female_26_AQALRMA_face_1.jpg,0.508009153318,train
female_22_BQGQHRE_face_0.jpg,-1.76490066225,train
female_40_RRNZNLE_face_0.jpg,-3.54166666667,train
female_18_O8O8SQN_face_0.jpg,1.0298013245,train
female_30_RRKYHLA_face_1.jpg,-1.95695364238,train
female_20_EURYKEA_face_0.jpg,-1.2119205298,train
female_28_RSBZB8O_face_0.jpg,0.49885583524,train
female_26_BSSUEZA_face_1.jpg,0.521739130435,train
female_18_RRNEBYH_face_0.jpg,-2.75,train
female_20_RSBMGZA_face_0.jpg,0.491990846682,train
female_18_RROUBER_face_0.jpg,-0.91533180778,train
female_18_RRNRK8S_face_1.jpg,-3.1875,train
female_20_BEHUA8A_face_0.jpg,1.12251655629,train
female_23_NLGZGLG_face_0.jpg,0.640732265446,train
female_18_RROYSUG_face_2.jpg,-1.87417218543,train
female_18_ALSQRZH_face_0.jpg,-0.537757437071,train
female_24_RSSSG8O_face_0.jpg,-0.823798627002,train
female_21_RLS8RQE_face_2.jpg,-2.25694444444,train
female_21_RUKLKY_face_0.jpg,1.68874172185,train
female_40_RSRZGMA_face_1.jpg,-1.97682119205,train
female_19_AEHMR8O_face_0.jpg,1.54635761589,train
female_19_RRNZORR_face_0.jpg,-0.192219679634,train
female_18_RRRRRZO_face_0.jpg,0.652173913043,train
female_23_RRNEARS_face_0.jpg,-0.322654462243,train
female_23_GEHRR8S_face_0.jpg,1.39072847682,train
female_26_AENYSMR_face_0.jpg,1.20860927152,train
female_29_RMHUS8B_face_0.jpg,-0.512585812357,train
female_21_AEGSG8S_face_0.jpg,2.74305555556,train
female_33_RROUKMH_face_0.jpg,-2.86111111111,train
female_36_RROQKYE_face_0.jpg,-4.36363636364,train
female_18_GYRYEER_face_0.jpg,1.25165562914,train
female_27_RRK8E8E_face_0.jpg,-2.59027777778,train
female_24_RYE8ERH_face_0.jpg,0.434782608696,train
female_29_RYEZGLS_face_0.jpg,1.53973509934,train
female_26_GZSRBEG_face_0.jpg,-0.913043478261,train
female_20_GQGYKEH_face_0.jpg,2.57638888889,train
female_18_RLSEARE_face_0.jpg,1.86754966887,train
female_19_NSEUA8G_face_0.jpg,-1.38741721854,train
female_21_RYAYO8N_face_1.jpg,-0.581235697941,train
female_18_RRHRAUE_face_1.jpg,0.395881006865,train
female_20_RRKYOEH_face_1.jpg,1.19536423841,train
female_34_AEHLSLO_face_0.jpg,-2.26388888889,train
female_18_RROUESG_face_0.jpg,0.0411899313501,train
female_19_RQHYALO_face_0.jpg,1.69536423841,train
female_26_OUARNRE_face_1.jpg,2.32638888889,train
female_19_RLKYELG_face_0.jpg,0.887871853547,train
female_23_RRSSBMN_face_0.jpg,-0.661327231121,train
female_21_ASNEOEG_face_0.jpg,-0.171624713959,train
female_25_RRO8ARH_face_0.jpg,-3.22916666667,train
female_18_RURZSUN_face_0.jpg,1.85430463576,train
female_22_EZSRRUN_face_0.jpg,-1.94701986755,train
female_18_RROUGRA_face_0.jpg,1.12582781457,train
female_21_RLHYHSK_face_0.jpg,-2.39583333333,train
female_24_RRSLO8E_face_0.jpg,0.237986270023,train
female_26_RRAEK8S_face_0.jpg,2.63194444444,train
female_20_BQRYR8K_face_0.jpg,1.80132450331,train
female_21_GRNQKLG_face_0.jpg,0.762013729977,train
female_18_RLOZEZS_face_0.jpg,0.137299771167,train
female_21_BSOLKRS_face_0.jpg,-2.28472222222,train
female_25_AZORAYO_face_0.jpg,-0.128146453089,train
female_20_E8K8OZE_face_0.jpg,-1.1357615894,train
female_23_A8SQSSA_face_0.jpg,0.986270022883,train
female_35_KUKSRRO_face_0.jpg,-1.49337748344,train
female_24_BYAEALH_face_0.jpg,-1.59933774834,train
female_19_RRRSRUK_face_0.jpg,1.94701986755,train
female_18_RRRLSMH_face_0.jpg,-2.97222222222,train
female_21_RSR8KSN_face_0.jpg,1.2417218543,train
female_29_RROYRUR_face_0.jpg,-0.610983981693,train
female_18_GLOQHER_face_0.jpg,1.08609271523,train
female_26_RYA8RUN_face_1.jpg,-0.79176201373,train
female_18_RQEUOYS_face_0.jpg,0.702517162471,train
female_28_RRKQEME_face_0.jpg,-1.07947019868,train
female_20_BYSRNYK_face_0.jpg,-1.19205298013,train
female_18_RRNZAZA_face_0.jpg,-1.38079470199,train
female_19_RMAMSMK_face_1.jpg,-1.50993377483,train
female_21_AZGLGRS_face_1.jpg,0.62471395881,train
female_23_EUOYNSO_face_0.jpg,-0.0274599542334,train
female_20_EQAUA8G_face_0.jpg,0.929061784897,train
female_20_RLREOLO_face_1.jpg,-2.71527777778,train
female_18_OZGQSEE_face_0.jpg,1.58609271523,train
female_20_RRRUHLO_face_0.jpg,-0.45995423341,train
female_39_ALAYBUO_face_0.jpg,-3.83333333333,train
female_18_E8NROEO_face_0.jpg,2.04861111111,train
female_20_AZHEBQR_face_0.jpg,-1.86754966887,train
female_22_RROUOEK_face_0.jpg,0.794050343249,train
female_24_KLB8OSG_face_0.jpg,2.34027777778,train
female_21_RRNRNMG_face_0.jpg,-1.82781456954,train
female_31_RRNURZN_face_0.jpg,-0.217391304348,train
female_21_NYBZNUA_face_0.jpg,-0.453089244851,train
female_18_EROUHRK_face_0.jpg,-2.89583333333,train
female_21_RQNRHMO_face_0.jpg,-0.679633867277,train
female_19_AZA8OLK_face_1.jpg,0.636155606407,train
female_31_A8GUK8H_face_0.jpg,-0.437070938215,train
female_23_RQALBQB_face_0.jpg,0.908466819222,train
female_28_OENENYA_face_0.jpg,2.33333333333,train
female_18_ERNRHYO_face_0.jpg,1.01655629139,train
female_21_RLRMBQR_face_0.jpg,0.279176201373,train
female_34_A8SZEUE_face_0.jpg,-1.27152317881,train
female_25_AZHUNMH_face_1.jpg,-0.75057208238,train
female_23_AUNYKEE_face_0.jpg,-2.16666666667,train
female_20_AZRZBYO_face_0.jpg,0.906178489703,train
female_20_GSNQBEA_face_0.jpg,2.13888888889,train
female_18_RROUH8A_face_0.jpg,-1.64900662252,train
female_25_RRAEEEE_face_0.jpg,0.720823798627,train
female_18_RRSQKUB_face_1.jpg,2.94444444444,train
female_18_A8HMBSR_face_1.jpg,3.45833333333,train
female_40_ASAZSZE_face_0.jpg,-1.51986754967,train
female_32_RQOSKYN_face_0.jpg,-0.670480549199,train
female_27_RSSSORK_face_1.jpg,-2.43055555556,train
female_18_RLNYNMS_face_1.jpg,0.805491990847,train
female_27_ARHRNYK_face_1.jpg,-0.0205949656751,train
female_24_KLORAUR_face_0.jpg,-2.38194444444,train
female_18_RRNLOMO_face_0.jpg,-1.19867549669,train
female_21_RROMHRE_face_0.jpg,2.0625,train
female_18_RROEHYB_face_1.jpg,1.95033112583,train
female_18_AZASRQG_face_0.jpg,1.50993377483,train
female_26_RROZAYA_face_0.jpg,-1.31456953642,train
female_26_RMOQKRN_face_1.jpg,1.17549668874,train
female_20_RMKYNSN_face_1.jpg,-0.574370709382,train
female_19_AZKZBRR_face_1.jpg,-1.74834437086,train
female_31_RQGUSMN_face_0.jpg,-3.08333333333,train
female_20_RRHRAMH_face_0.jpg,0.945080091533,train
female_33_RLESBMH_face_0.jpg,-0.20823798627,train
female_27_RMO8KMK_face_0.jpg,0.102974828375,train
female_18_A8GSKYO_face_0.jpg,4.72727272727,train
female_21_RRNQELN_face_0.jpg,-0.443935926773,train
female_20_EUEQASE_face_0.jpg,0.878718535469,train
female_31_RLGMEQH_face_0.jpg,-1.67549668874,train
female_18_EMKMGRS_face_0.jpg,0.439359267735,train
female_18_RRHSSRS_face_0.jpg,-0.784897025172,train
female_18_OZSUNQE_face_1.jpg,-0.446224256293,train
female_22_RRR8KQB_face_0.jpg,1.98675496689,train
female_18_RRHEHYG_face_0.jpg,-1.73178807947,train
female_20_O8O8BRG_face_0.jpg,2.46527777778,train
female_18_RSBRNLR_face_1.jpg,0.983981693364,train
female_30_ARNYEMA_face_0.jpg,-0.270022883295,train
female_25_RYGEN8K_face_0.jpg,1.77152317881,train
female_18_EQKLEYK_face_0.jpg,0.173913043478,train
female_24_RMN8ASA_face_0.jpg,-0.951945080092,train
female_29_AZNLGLS_face_0.jpg,1.96688741722,train
female_21_RSGZAYS_face_1.jpg,0.585812356979,train
female_25_NENSNUR_face_1.jpg,-1.04966887417,train
female_27_ORKLBQN_face_0.jpg,-0.0617848970252,train
female_18_RRRMAYS_face_0.jpg,-0.963386727689,train
female_40_BRAUEYG_face_0.jpg,1.43046357616,train
female_23_NUBMSMK_face_0.jpg,0.105263157895,train
female_23_GSBQEQA_face_0.jpg,2.18055555556,train
female_18_RRGSNZE_face_0.jpg,1.06291390728,train
female_18_RRNYARO_face_0.jpg,1.06953642384,train
female_20_OZOUSME_face_0.jpg,-1.60927152318,train
female_28_RLR8SSB_face_1.jpg,-2.5625,train
female_18_BQEQH8H_face_0.jpg,3.75,train
female_25_RUSQNZO_face_0.jpg,0.045766590389,train
female_29_ALKENE_face_0.jpg,1.08940397351,train
female_19_RSR8KQS_face_0.jpg,0.819221967963,train
female_20_RSEMESE_face_0.jpg,-0.693363844394,train
female_29_AQG8NYB_face_0.jpg,-2.72222222222,train
female_24_AYHSNQK_face_0.jpg,-1.84437086093,train
female_22_RSEZARK_face_0.jpg,-0.491990846682,train
female_19_RROMNUB_face_0.jpg,2.14583333333,train
female_23_KMRYHMO_face_0.jpg,-1.67218543046,train
female_18_EZRLHMK_face_3.jpg,-0.903890160183,train
female_34_RRHQOYO_face_0.jpg,-1.34105960265,train
female_18_ASKRNLB_face_1.jpg,-0.764302059497,train
female_22_RRNEA8B_face_0.jpg,-2.13888888889,train
female_27_RRORAQO_face_0.jpg,-1.44701986755,train
female_18_AZNLOUN_face_0.jpg,2.36805555556,train
female_22_RYSEKMO_face_0.jpg,2.09722222222,train
female_22_RSSURZO_face_0.jpg,-0.12356979405,train
female_36_ERR8HYK_face_0.jpg,-1.5,train
female_24_RRH8B8H_face_0.jpg,-0.363844393593,train
female_26_AUE8S8A_face_0.jpg,-4.63636363636,train
female_23_RREQKUR_face_0.jpg,0.0274599542334,train
female_37_RRNQNQK_face_1.jpg,0.118993135011,train
female_33_OQKYRQG_face_0.jpg,-0.359267734554,train
female_24_BYRMGMR_face_0.jpg,0.263157894737,train
female_24_RLGZHMA_face_0.jpg,-1.0298013245,train
female_27_NLNQNRK_face_1.jpg,1.93046357616,train
female_19_RLBQR8G_face_0.jpg,-0.725400457666,train
female_30_NUBLALG_face_1.jpg,-1.64238410596,train
female_18_OZKQG8R_face_0.jpg,1.90397350993,train
female_28_RRHZHMH_face_0.jpg,-0.890160183066,train
female_23_RYBRBQR_face_0.jpg,0.299771167048,train
female_30_AMRMNYB_face_2.jpg,1.00993377483,train
female_21_RRRROSS_face_0.jpg,1.56291390728,train
female_22_RQASSUH_face_0.jpg,-1.39735099338,train
female_18_E8GQNME_face_0.jpg,0.572082379863,train
female_21_BLAQSZA_face_1.jpg,4.81818181818,train
female_18_RQO8H8R_face_0.jpg,-2.77083333333,train
female_39_RRG8REG_face_0.jpg,-2.02083333333,train
female_25_RSOSASO_face_0.jpg,-1.06291390728,train
female_18_RUHMRMH_face_0.jpg,-1.21523178808,train
female_18_RQREBSE_face_1.jpg,-0.691075514874,train
female_24_RRNMRZA_face_0.jpg,-2.42361111111,train
female_33_RLGSSZO_face_0.jpg,1.66556291391,train
female_24_RRO8NLO_face_0.jpg,-0.336384439359,train
female_18_RMO8H8B_face_0.jpg,0.386727688787,train
female_40_A8KYEUG_face_0.jpg,0.0389016018307,train
female_18_RRN8EQR_face_1.jpg,-3.14583333333,train
female_26_RROYEQO_face_0.jpg,-0.350114416476,train
female_31_RROREYH_face_1.jpg,-0.297482837529,train
female_18_E8GEBYG_face_0.jpg,-1.0,train
female_21_RMKMRRN_face_0.jpg,1.50331125828,train
female_21_RRNUKZR_face_1.jpg,0.695652173913,train
female_19_RYK8EZO_face_0.jpg,-0.102974828375,train
female_26_RQHZEQG_face_1.jpg,0.798627002288,train
female_30_RMALKEN_face_0.jpg,-2.59722222222,train
female_26_RRK8KLN_face_0.jpg,0.691075514874,train
female_21_BQSZSSE_face_0.jpg,-0.590389016018,train
female_31_AZGUKQN_face_1.jpg,-1.98675496689,train
female_21_GMBLOYA_face_1.jpg,1.1059602649,train
female_27_RLKMS8G_face_2.jpg,2.59027777778,train
female_19_RRKMHLR_face_1.jpg,0.885583524027,train
female_23_E8KRGQS_face_0.jpg,1.7880794702,train
female_18_RLHEG8R_face_0.jpg,2.95138888889,train
female_24_RQRZKZS_face_0.jpg,0.169336384439,train
female_18_ARKENUK_face_0.jpg,-1.82450331126,train
female_30_RROSASN_face_0.jpg,-3.25,train
female_32_OSGEARH_face_0.jpg,0.260869565217,train
female_22_RRN8NZG_face_0.jpg,1.27152317881,train
female_25_AQERBYG_face_1.jpg,-4.45454545455,train
female_19_RRBEAQS_face_1.jpg,-0.0938215102975,train
female_21_RRHLNSN_face_0.jpg,0.494279176201,train
female_24_AEOYBQK_face_1.jpg,-1.05629139073,train
female_18_RQESALK_face_1.jpg,-2.6875,train
female_19_RRO8BUR_face_0.jpg,1.02649006623,train
female_18_RROZHLN_face_0.jpg,0.421052631579,train
female_20_AZSSKLB_face_1.jpg,-0.521739130435,train
female_25_RQBZBRS_face_0.jpg,0.37299771167,train
female_21_GESSOZO_face_0.jpg,2.875,train
female_18_RSBYAZN_face_0.jpg,-0.594965675057,train
female_25_AUSUNYO_face_0.jpg,-0.263157894737,train
female_18_RLHQNER_face_0.jpg,-2.41666666667,train
female_20_RYOESEK_face_0.jpg,-0.906178489703,train
female_19_AEGMGLR_face_0.jpg,0.54004576659,train
female_18_GQK8OQH_face_0.jpg,-4.72727272727,train
female_18_RLNRKMR_face_0.jpg,-0.659038901602,train
female_28_RQAEGSA_face_0.jpg,-0.169336384439,train
female_19_RUA8BQH_face_0.jpg,2.24305555556,train
female_27_KMKRESO_face_1.jpg,1.6821192053,train
female_21_AZRRSSK_face_0.jpg,0.823798627002,train
female_20_RMHEGQN_face_1.jpg,0.764302059497,train
female_19_RLHZRYO_face_0.jpg,-1.36092715232,train
female_40_RQBUHES_face_1.jpg,1.21854304636,train
female_34_RQHQGZK_face_0.jpg,-1.5298013245,train
female_18_RSOYRMG_face_0.jpg,1.74834437086,train
female_18_AQHUAME_face_0.jpg,-0.139588100686,train
female_18_OSBZNLR_face_0.jpg,1.04635761589,train
female_20_RQOLBMO_face_0.jpg,0.455377574371,train
female_18_RROEAUE_face_0.jpg,-1.7119205298,train
female_21_RUN8OUE_face_0.jpg,-2.125,train
female_18_AUNMA8R_face_0.jpg,-1.55298013245,train
female_26_RLNUASS_face_0.jpg,0.265446224256,train
female_23_RSSRSZE_face_1.jpg,2.22916666667,train
female_19_AMSQAEE_face_1.jpg,0.320366132723,train
female_23_NQAMEMA_face_1.jpg,2.02083333333,train
female_20_OZNUSMA_face_0.jpg,2.72222222222,train
female_26_A8H8RUG_face_0.jpg,0.091533180778,train
female_20_OQB8KMO_face_0.jpg,0.0732265446224,train
female_20_RROQKSO_face_2.jpg,-1.61920529801,train
female_30_RSEUGLB_face_0.jpg,-2.09027777778,train
female_27_A8ELKLK_face_0.jpg,-0.318077803204,train
female_18_BUR8KSB_face_0.jpg,0.597254004577,train
female_19_RSRSH8S_face_1.jpg,4.09090909091,train
female_26_RYNEKSO_face_0.jpg,1.01324503311,train
female_22_RRNYAQK_face_0.jpg,-0.565217391304,train
female_26_ARALERB_face_0.jpg,-0.846681922197,train
female_21_BMASGZB_face_0.jpg,-0.892448512586,train
female_21_RSKURRR_face_0.jpg,3.47916666667,train
female_25_A8SZAQO_face_0.jpg,-0.771167048055,train
female_22_RQGUG8E_face_0.jpg,0.199084668192,train
female_19_GSHUHSE_face_0.jpg,0.286041189931,train
female_22_RLEMBZH_face_0.jpg,-2.13194444444,train
female_25_AQGUE8S_face_1.jpg,1.41059602649,train
female_18_RRKQSRO_face_0.jpg,-0.235697940503,train
female_31_RROUR8O_face_0.jpg,-4.54545454545,train
female_18_RUHERLK_face_0.jpg,1.05960264901,train
female_23_RMREGLK_face_1.jpg,1.10264900662,train
female_18_RRN8HQR_face_0.jpg,-1.83443708609,train
female_18_RREQOEG_face_0.jpg,1.67549668874,train
female_28_KSAZEQH_face_0.jpg,-0.844393592677,train
female_25_RSNLBEO_face_1.jpg,-0.979405034325,train
female_18_RRNEALR_face_0.jpg,2.29861111111,train
female_23_RLRSSLE_face_0.jpg,-1.42052980132,train
female_33_BRBMGEH_face_1.jpg,1.18543046358,train
female_25_ASKEKZB_face_0.jpg,1.1357615894,train
female_26_RUALAZA_face_1.jpg,2.85416666667,train
female_26_KSBSN8B_face_0.jpg,1.79470198675,train
female_18_RRSLOYE_face_0.jpg,2.77083333333,train
female_31_RRHQEYN_face_0.jpg,0.153318077803,train
female_23_ARG8NLS_face_0.jpg,4.27272727273,train
female_30_RRRLBME_face_1.jpg,-1.11920529801,train
female_21_RQBUNEB_face_0.jpg,-0.8352402746,train
female_18_RROZAQH_face_0.jpg,1.10927152318,train
female_20_RLGSGZN_face_0.jpg,-0.0869565217391,train
female_24_RRK8AEE_face_1.jpg,2.76388888889,train
female_21_N8ESS8N_face_0.jpg,-0.299771167048,train
female_36_RRO8SRH_face_1.jpg,-3.89583333333,train
female_20_RLNSHQE_face_0.jpg,1.5,train
female_19_BYOMAQK_face_0.jpg,0.256292906178,train
female_31_EYNUB8E_face_2.jpg,0.933638443936,train
female_29_AESYGYR_face_0.jpg,-2.49305555556,train
female_27_BQSUGSE_face_0.jpg,0.686498855835,train
female_19_RYGMELS_face_1.jpg,-0.210526315789,train
female_21_GEERRSO_face_0.jpg,0.862700228833,train
female_28_ASRROYS_face_0.jpg,1.41721854305,train
female_23_RRNSNZA_face_0.jpg,2.20833333333,train
female_18_KSAUKEB_face_0.jpg,2.05555555556,train
female_19_RROQK8R_face_0.jpg,1.77814569536,train
female_31_RYOYRMK_face_0.jpg,-1.73509933775,train
female_29_RSSENRE_face_0.jpg,-1.47350993377,train
female_18_RLKYGYR_face_0.jpg,0.274599542334,train
female_21_EQE8SSS_face_0.jpg,-0.180778032037,train
female_28_RQORNMN_face_0.jpg,-0.945080091533,train
female_26_RSBERLG_face_0.jpg,2.79166666667,train
female_28_GYN8SUG_face_0.jpg,1.41390728477,train
female_19_RMS8BMB_face_0.jpg,-1.77152317881,train
female_28_RLOLSUR_face_0.jpg,1.30794701987,train
female_27_E8RSAEN_face_0.jpg,0.711670480549,train
female_25_RROUNUN_face_0.jpg,-1.99006622517,train
female_24_RLRMKZR_face_0.jpg,0.844393592677,train
female_20_N8EZALS_face_0.jpg,-0.494279176201,train
female_18_RQRQGQO_face_1.jpg,-0.25171624714,train
female_30_RSRQSYG_face_0.jpg,0.922196796339,train
female_35_RQAZKMG_face_0.jpg,-0.803203661327,train
female_22_RLSMOQS_face_1.jpg,0.697940503432,train
female_33_RQAQBLN_face_0.jpg,1.65894039735,train
female_18_RROUELS_face_0.jpg,0.649885583524,train
female_18_A8GSBRO_face_0.jpg,1.73178807947,train
female_22_RRNEHLS_face_0.jpg,0.0343249427918,train
female_32_RRGQR8K_face_0.jpg,-0.0572082379863,train
female_23_NUAUOLO_face_0.jpg,-0.789473684211,train
female_22_GSHERQE_face_0.jpg,1.6059602649,train
female_31_GYRMOUH_face_0.jpg,0.551487414188,train
female_38_RRNUKUN_face_0.jpg,-1.44039735099,train
female_36_O8KSNEH_face_0.jpg,-2.47222222222,train
female_26_RSEQBEG_face_0.jpg,1.11589403974,train
female_23_NSHLHQA_face_0.jpg,-0.688787185355,train
female_30_A8RMKQS_face_0.jpg,-0.0183066361556,train
female_30_OUERELR_face_0.jpg,0.231121281465,train
female_18_RSBYHSH_face_0.jpg,-0.782608695652,train
female_25_RMBRGLS_face_0.jpg,0.0686498855835,train
female_18_GSSYEEH_face_0.jpg,0.807780320366,train
female_19_RMOSBRB_face_0.jpg,0.821510297483,train
female_18_RRE8B8K_face_0.jpg,-1.55960264901,train
female_18_NZOZNSH_face_0.jpg,2.07638888889,train
female_22_KQEQSSH_face_1.jpg,1.99668874172,train
female_18_RLAUESS_face_0.jpg,0.812356979405,train
female_31_BSKSAZB_face_0.jpg,0.302059496568,train
female_19_NSOEEZA_face_0.jpg,1.09271523179,train
female_30_RRSYKER_face_0.jpg,-1.24834437086,train
female_24_BZSEHY_face_0.jpg,1.28476821192,train
female_28_RQSSSSG_face_0.jpg,0.961098398169,train
female_20_ALRZAYN_face_0.jpg,-0.942791762014,train
female_36_RRRYKLS_face_0.jpg,0.867276887872,train
female_27_AZG8KQH_face_0.jpg,0.997711670481,train
female_18_ARNUK8R_face_0.jpg,2.70833333333,train
female_35_RLRSNLN_face_0.jpg,0.235697940503,train
female_19_RRNZBUH_face_1.jpg,-0.718535469108,train
female_25_KSOYOEB_face_0.jpg,-0.313501144165,train
female_18_GES8AMG_face_1.jpg,0.418764302059,train
female_18_AEHEKZB_face_1.jpg,2.42361111111,train
female_20_RMHROQG_face_0.jpg,1.55298013245,train
female_18_GRSUALR_face_0.jpg,-0.704805491991,train
female_29_RYS8SUH_face_0.jpg,-0.0549199084668,train
female_18_RYOMNUK_face_0.jpg,0.892448512586,train
female_19_AZRLGUN_face_0.jpg,0.942791762014,train
female_18_ASNQGEG_face_1.jpg,3.25,train
female_20_RLNZEUN_face_0.jpg,-0.597254004577,train
female_30_RRREEEN_face_0.jpg,-2.84722222222,train
female_22_RQAROMH_face_0.jpg,-2.47916666667,train
female_18_RLESSRR_face_0.jpg,0.647597254005,train
female_33_GZRRERH_face_0.jpg,0.546910755149,train
female_18_AZHEGMK_face_0.jpg,0.757437070938,train
female_32_AUBMOZA_face_0.jpg,1.8940397351,train
female_29_GUHRBSA_face_0.jpg,-0.418764302059,train
female_24_OURZOUE_face_0.jpg,-2.14583333333,train
female_19_GYEQOQK_face_1.jpg,3.58333333333,train
female_29_RREZKLK_face_0.jpg,-1.70529801325,train
female_24_BEERARE_face_0.jpg,2.29166666667,train
female_39_RSOLBYG_face_0.jpg,-3.47916666667,train
female_23_KZNLGZA_face_0.jpg,2.63888888889,train
female_18_RUOQAEO_face_0.jpg,1.16556291391,train
female_19_RRNQEEH_face_0.jpg,-0.972540045767,train
female_23_AYGLKMO_face_0.jpg,3.91666666667,train
female_30_BUG8EMR_face_0.jpg,-0.448512585812,train
female_38_RLHER8E_face_1.jpg,-0.727688787185,train
female_19_O8EYGQB_face_0.jpg,-0.0320366132723,train
female_22_EMSMBMS_face_1.jpg,0.581235697941,train
female_20_AQERAYN_face_1.jpg,-1.70198675497,train
female_31_RRA8OQB_face_1.jpg,-1.77483443709,train
female_18_ALEQOYO_face_0.jpg,-0.828375286041,train
female_19_OYESKSH_face_1.jpg,3.8125,train
female_18_RRBMOZR_face_0.jpg,-0.604118993135,train
female_18_RQEUOYR_face_0.jpg,-1.26158940397,train
female_18_RRK8S8K_face_0.jpg,-2.63194444444,train
female_24_RRBEAZA_face_0.jpg,0.196796338673,train
female_21_OESRBEH_face_0.jpg,-1.36754966887,train
female_21_N8RLNZE_face_0.jpg,-0.393592677346,train
female_20_BRRYRMB_face_1.jpg,0.782608695652,train
female_18_GYELARS_face_0.jpg,4.18181818182,train
female_20_GRHZHZH_face_0.jpg,0.837528604119,train
female_22_NROSSRO_face_0.jpg,0.405034324943,train
female_19_RLR8EYK_face_0.jpg,1.60927152318,train
female_18_AESURMA_face_0.jpg,-1.08278145695,train
female_23_AER8ERO_face_0.jpg,-0.572082379863,train
female_30_AEKEBME_face_1.jpg,-3.5625,train
female_33_RRNLS8G_face_0.jpg,0.336384439359,train
female_22_NMSEKEK_face_0.jpg,-0.1647597254,train
female_30_RRGYNMH_face_0.jpg,2.03472222222,train
female_18_RRGMH8N_face_1.jpg,0.663615560641,train
female_19_ORRZS8H_face_0.jpg,-2.19444444444,train
female_18_RSEZHLO_face_0.jpg,-0.242562929062,train
female_18_RRKUHMA_face_0.jpg,0.0091533180778,train
female_19_RLGMARN_face_0.jpg,1.71854304636,train
female_24_RSALHQO_face_0.jpg,0.189931350114,train
female_26_ALHYGEO_face_0.jpg,-1.62582781457,train
female_18_RRNUERB_face_0.jpg,0.0572082379863,train
female_38_RLKZNMS_face_0.jpg,-0.450800915332,train
female_18_RUHMKEG_face_0.jpg,1.89072847682,train
female_29_BMAZBMR_face_0.jpg,3.9375,train
female_29_E8AERUA_face_0.jpg,2.61111111111,train
female_20_RSRQRRR_face_0.jpg,-4.27272727273,train
female_24_RRNZBMB_face_1.jpg,1.3642384106,train
female_25_AZESRYR_face_1.jpg,-0.12585812357,train
female_30_OSBEBUH_face_0.jpg,-2.93055555556,train
female_21_RLOUOYA_face_1.jpg,-1.17218543046,train
female_23_ERRMSLS_face_0.jpg,-1.31125827815,train
female_18_RRGRBLR_face_1.jpg,1.47350993377,train
female_33_RRRUHER_face_0.jpg,0.489702517162,train
female_28_EZSRALN_face_0.jpg,0.828375286041,train
female_30_RRRYHZA_face_0.jpg,-0.41647597254,train
female_26_GYOZRYA_face_0.jpg,-0.578947368421,train
female_32_E8HLB8O_face_0.jpg,-0.585812356979,train
female_18_RYESKUO_face_0.jpg,-2.06944444444,train
female_18_RMRENER_face_0.jpg,0.146453089245,train
female_20_RRNQGEN_face_2.jpg,0.864988558352,train
female_19_KUHRHES_face_0.jpg,-3.91666666667,train
female_25_RSOYB8G_face_0.jpg,0.590389016018,train
female_19_EYAUEM_face_0.jpg,3.83333333333,train
female_18_BRKMBYO_face_0.jpg,1.93377483444,train
female_19_RSAYGSO_face_1.jpg,-0.114416475973,train
female_29_RSK8O8A_face_0.jpg,0.473684210526,train
female_21_BMOERES_face_0.jpg,-3.04166666667,train
female_23_OZHUSZK_face_0.jpg,4.36363636364,train
female_18_RRHLAQO_face_0.jpg,-0.352402745995,train
female_24_AZR8NYR_face_0.jpg,-1.30794701987,train
female_18_RUN8HLK_face_1.jpg,-2.76388888889,train
female_22_AZNLGSK_face_1.jpg,1.76490066225,train
female_24_RQNSRZN_face_0.jpg,-1.42715231788,train
female_24_AZGROLK_face_0.jpg,-2.40277777778,train
female_23_OYNROEG_face_0.jpg,-0.0480549199085,train
female_23_RSE8BSH_face_0.jpg,-0.732265446224,train
female_19_RRO8B8H_face_0.jpg,-2.17361111111,train
female_19_BZSYRUS_face_0.jpg,-0.965675057208,train
female_21_OQBSNRA_face_0.jpg,0.45766590389,train
female_20_ELGLEMS_face_0.jpg,0.391304347826,train
female_21_RRRUGMB_face_0.jpg,0.771167048055,train
female_22_EUHENQH_face_0.jpg,-3.875,train
female_22_RRGEB8S_face_0.jpg,0.183066361556,train
female_18_OYR8A8H_face_0.jpg,0.869565217391,train
female_28_RRNZSYR_face_1.jpg,0.631578947368,train
female_20_RLGRBSO_face_1.jpg,-0.556064073227,train
female_36_RSESGLS_face_0.jpg,1.53642384106,train
female_25_RYRMGSA_face_1.jpg,0.613272311213,train
female_26_RLNRSLE_face_1.jpg,1.00331125828,train
female_23_KMALSMK_face_0.jpg,-1.76821192053,train
female_22_EEKRSRS_face_0.jpg,1.8642384106,train
female_18_ARNSEYK_face_0.jpg,1.62251655629,train
female_19_GUBZAMR_face_0.jpg,0.759725400458,train
female_25_RSEZNQO_face_0.jpg,-1.46026490066,train
female_25_RRRRRLB_face_0.jpg,2.21527777778,train
female_18_EQRRGZN_face_0.jpg,0.171624713959,train
female_23_RYSSBEE_face_0.jpg,0.25171624714,train
female_18_RSEYEZE_face_0.jpg,-1.79470198675,train
female_18_AQBESU_face_0.jpg,2.59722222222,train
female_18_AUAMKMB_face_0.jpg,0.661327231121,train
female_26_AMASRUO_face_0.jpg,0.688787185355,train
female_21_RUN8NUE_face_0.jpg,-1.44370860927,train
female_18_RUARASA_face_0.jpg,-2.90972222222,train
female_21_NRAMEME_face_0.jpg,2.88888888889,train
female_21_GRNSOZG_face_0.jpg,-2.11111111111,train
female_21_ELBRRRA_face_0.jpg,0.423340961098,train
female_40_RSBQAUG_face_0.jpg,-0.924485125858,train
female_27_RYRLBQH_face_0.jpg,2.1875,train
female_21_B8NQASA_face_0.jpg,0.778032036613,train
female_18_RQNSBLO_face_0.jpg,0.128146453089,train
female_34_RRKYRYK_face_0.jpg,-1.8642384106,train
female_21_RQHRSMA_face_0.jpg,-1.29801324503,train
female_20_RLRUR8S_face_0.jpg,-0.100686498856,train
female_21_GLBEERK_face_1.jpg,-3.58333333333,train
female_19_RLREELB_face_0.jpg,0.620137299771,train
female_37_RLKQB8H_face_0.jpg,-1.30463576159,train
female_22_RRN8NMR_face_0.jpg,-0.466819221968,train
female_20_RRBLERS_face_1.jpg,3.0625,train
female_19_RLKMAQR_face_0.jpg,-2.65972222222,train
female_34_RLKZA8A_face_0.jpg,-0.0983981693364,train
female_20_OQEYHZS_face_0.jpg,-2.18055555556,train
female_20_RLRROSR_face_0.jpg,-3.20833333333,train
female_28_RRGRNLK_face_0.jpg,1.57947019868,train
female_20_RYNQK8A_face_0.jpg,-1.10927152318,train
female_19_RQNLBYB_face_0.jpg,-0.954233409611,train
female_23_GYHMRZO_face_0.jpg,-0.37299771167,train
female_20_BLO8EQA_face_0.jpg,-0.606407322654,train
female_25_RRNSALG_face_0.jpg,0.0480549199085,train
female_18_RRRYSRA_face_0.jpg,-0.414187643021,train
female_26_AESLNZR_face_0.jpg,1.82450331126,train
female_24_OMSMEMG_face_0.jpg,2.47916666667,train
female_18_RRRUAQH_face_0.jpg,1.51655629139,train
female_18_OYSSREG_face_2.jpg,1.73841059603,train
female_25_GYRZOUK_face_0.jpg,0.87414187643,train
female_18_RQR8AYK_face_2.jpg,0.025171624714,train
female_26_RQSYA8H_face_0.jpg,3.79166666667,train
female_25_KRKZREE_face_0.jpg,-0.473684210526,train
female_36_RQASEQA_face_0.jpg,-1.12251655629,train
female_26_RSRQA8B_face_0.jpg,-0.615560640732,train
female_28_RRKYOSS_face_0.jpg,0.471395881007,train
female_18_RRHUNUG_face_0.jpg,-0.656750572082,train
female_18_RROMSRO_face_0.jpg,-0.645308924485,train
female_18_ALRERYS_face_0.jpg,1.71523178808,train
female_18_GQNYGSO_face_1.jpg,1.01986754967,train
female_18_RRELGUR_face_2.jpg,1.60264900662,train
female_25_AMBURRH_face_0.jpg,1.48013245033,train
female_18_N8NLKQB_face_0.jpg,-0.883295194508,train
female_29_RRASEQN_face_0.jpg,-0.391304347826,train
female_22_RUEMOLE_face_0.jpg,2.88194444444,train
female_18_OYEYGQH_face_0.jpg,-0.729977116705,train
female_24_RQRYBUN_face_0.jpg,-0.0366132723112,train
female_19_BQREEEE_face_0.jpg,1.89735099338,train
female_18_BMOEAYE_face_1.jpg,-1.33443708609,train
female_25_GESMGEH_face_0.jpg,-0.0732265446224,train
female_31_RQOEEZE_face_0.jpg,0.537757437071,train
female_36_BMAYEQE_face_0.jpg,1.80794701987,train
female_27_RUBYN8R_face_0.jpg,-0.112128146453,train
female_21_KYEQOZN_face_0.jpg,2.39583333333,train
female_20_OEGENMO_face_0.jpg,1.55629139073,train
female_19_EUAZKQS_face_0.jpg,-2.64583333333,train
female_20_GSNQBEA_face_1.jpg,2.30555555556,train
female_36_RYN8OSE_face_0.jpg,-0.663615560641,train
female_18_RLNYEQR_face_1.jpg,0.995423340961,train
female_32_ASR8GRS_face_0.jpg,0.272311212815,train
female_18_RLBQKLO_face_0.jpg,-1.00662251656,train
female_18_AUBUBZS_face_0.jpg,-1.84105960265,train
female_20_RSNUNRB_face_0.jpg,2.43055555556,train
female_32_AQH8GSO_face_0.jpg,-1.16556291391,train
female_21_AYBZEEK_face_0.jpg,-0.633867276888,train
female_26_A8HUHEB_face_0.jpg,-1.88079470199,train
female_18_RSHMERE_face_0.jpg,1.05629139073,train
female_23_RLKENLA_face_0.jpg,-0.267734553776,train
female_24_RMOMOSN_face_0.jpg,1.51986754967,train
female_26_RRNLR8A_face_0.jpg,0.615560640732,train
female_22_RLBEALB_face_0.jpg,-1.69205298013,train
female_27_RRKQKUK_face_1.jpg,1.75165562914,train
female_21_ALEZEZA_face_0.jpg,-1.92715231788,train
female_24_RQB8NEN_face_0.jpg,2.49305555556,train
female_18_RRG8SRS_face_0.jpg,2.23611111111,train
female_27_GQHSALB_face_0.jpg,0.0045766590389,train
female_39_AURMGEO_face_0.jpg,2.00694444444,train
female_24_ARRYH8N_face_1.jpg,0.675057208238,train
female_32_AYOEKEN_face_0.jpg,-1.3940397351,train
female_21_NMERA8E_face_1.jpg,0.741418764302,train
female_26_RRSRHRN_face_0.jpg,-0.199084668192,train
female_19_RQNSKLG_face_0.jpg,-1.85761589404,train
female_20_AUNSKYK_face_1.jpg,1.81456953642,train
female_37_RROSNRA_face_0.jpg,-2.8125,train
female_28_RLOLAYB_face_0.jpg,0.448512585812,train
female_19_ORBQRUK_face_0.jpg,-0.702517162471,train
female_19_BEESEYR_face_0.jpg,1.7119205298,train
female_21_GUOSGMR_face_0.jpg,1.43708609272,train
female_20_RYHZNZN_face_0.jpg,0.553775743707,train
female_32_RMAUNLH_face_0.jpg,-0.684210526316,train
female_19_KZGLHR_face_0.jpg,-2.27777777778,train
female_20_RRB8BYB_face_0.jpg,2.5625,train
female_18_ALHZRSB_face_0.jpg,1.81125827815,train
female_23_GYESBMS_face_0.jpg,0.411899313501,train
female_18_OZGLBZB_face_0.jpg,-0.423340961098,train
female_34_RRNZBUR_face_0.jpg,-3.625,train
female_18_RSSRHSN_face_0.jpg,-0.471395881007,train
female_19_RRNSOYE_face_0.jpg,0.178489702517,train
female_32_RRSSOZB_face_0.jpg,0.505720823799,train
female_22_K8BZRSS_face_0.jpg,0.951945080092,train
female_18_OQE8AEN_face_0.jpg,-0.713958810069,train
female_20_RRHLRZK_face_1.jpg,-0.304347826087,train
female_37_E8NZNSE_face_0.jpg,0.33180778032,train
female_18_BMAYGSK_face_0.jpg,0.855835240275,train
female_27_RUHQHLR_face_0.jpg,-0.260869565217,train
female_40_OZBYEMK_face_0.jpg,0.0869565217391,train
female_22_B8SLN8K_face_0.jpg,0.684210526316,train
female_18_RYRSBLH_face_1.jpg,3.85416666667,train
female_18_RUEMNUO_face_1.jpg,2.72916666667,train
female_19_EQEMOEK_face_1.jpg,-1.57947019868,train
female_28_RUNQOEG_face_1.jpg,0.219679633867,train
female_18_AEASGUH_face_1.jpg,0.377574370709,train
female_18_RRGQESO_face_0.jpg,-0.157894736842,train
female_23_RRBMOEH_face_1.jpg,0.283752860412,train
female_20_RRSSAZA_face_0.jpg,2.98611111111,train
female_20_RMSMAQH_face_1.jpg,-1.75165562914,train
female_27_RYOLAQA_face_0.jpg,0.926773455378,train
female_21_KQAMNYK_face_0.jpg,1.79801324503,train
female_19_EYOYBSS_face_0.jpg,1.7582781457,train
female_21_BYKZSYR_face_0.jpg,-2.03472222222,train
female_31_OSE8RYK_face_0.jpg,3.64583333333,train
female_25_RQBLGLK_face_0.jpg,-1.16887417219,train
female_18_RQSZKSR_face_0.jpg,0.356979405034,train
female_22_AROLRQR_face_1.jpg,-2.29166666667,train
female_23_RRSLNZA_face_0.jpg,1.33443708609,train
female_24_RSAYHES_face_0.jpg,-2.79861111111,train
female_18_ALNLHUK_face_0.jpg,1.82119205298,train
female_22_RQEMRZG_face_0.jpg,0.370709382151,train
female_18_AMOZGLB_face_0.jpg,-1.13907284768,train
female_20_RQKZHLH_face_1.jpg,0.826086956522,train
female_26_RROZSUO_face_0.jpg,-0.544622425629,train
female_39_RRBRKUA_face_0.jpg,-1.34437086093,train
female_23_RLAUOMA_face_0.jpg,-0.405034324943,train
female_38_GZNLKZO_face_3.jpg,1.84768211921,train
female_32_RRHSRQS_face_0.jpg,0.466819221968,train
female_20_NQBRE8G_face_0.jpg,0.736842105263,train
female_27_RUHQNSN_face_0.jpg,1.33112582781,train
female_23_ARKZH8G_face_0.jpg,-2.46527777778,train
female_33_ASRQGM_face_0.jpg,4.45454545455,train
female_19_BEGSORK_face_2.jpg,1.61920529801,train
female_18_RMGRRQS_face_1.jpg,1.61589403974,train
female_19_A8OUR8_face_0.jpg,3.60416666667,train
female_20_RLRQASK_face_0.jpg,-1.90066225166,train
female_22_RLKYBLB_face_0.jpg,0.803203661327,train
female_30_AEO8NZA_face_1.jpg,-0.185354691076,train
female_18_ELKUGLK_face_1.jpg,3.95833333333,train
female_18_RRKLREO_face_0.jpg,3.5625,train
female_26_RQAYSME_face_2.jpg,-1.17549668874,train
female_20_BYBYSZE_face_1.jpg,1.55960264901,train
female_19_RRGYNRB_face_1.jpg,-1.3178807947,train
female_24_RYNMGYA_face_0.jpg,2.35416666667,train
female_21_GLARRRO_face_0.jpg,-1.56291390728,train
female_23_RRKUSUO_face_0.jpg,0.363844393593,train
female_20_RRHYNEH_face_1.jpg,0.528604118993,train
female_20_RYHSOZB_face_0.jpg,-1.28145695364,train
female_21_GQEQEEE_face_0.jpg,0.606407322654,train
female_18_RLA8OLO_face_0.jpg,0.0800915331808,train
female_20_E8HMAYK_face_0.jpg,0.972540045767,train
female_20_BEERSYS_face_0.jpg,-1.65231788079,train
female_20_RRNQBEN_face_0.jpg,-0.528604118993,train
female_18_ERAQH8H_face_0.jpg,2.3125,train
female_40_RYHZKZN_face_0.jpg,-0.109839816934,train
female_20_RSOERLE_face_0.jpg,-3.16666666667,train
female_18_RRN8OQG_face_0.jpg,0.432494279176,train
female_18_RRGEKEB_face_1.jpg,1.07947019868,train
female_23_RQGQHZO_face_0.jpg,-1.77814569536,train
female_21_BSSZARH_face_0.jpg,0.851258581236,train
female_37_AENMSYH_face_0.jpg,-0.766590389016,train
female_30_EYAQKRE_face_0.jpg,0.670480549199,train
female_18_RROQESH_face_0.jpg,-0.759725400458,train
female_18_RLRRG8H_face_0.jpg,1.29470198675,train
female_18_RUHSGZH_face_0.jpg,-0.631578947368,train
female_18_BZRLKYA_face_0.jpg,-0.121281464531,train
female_40_AZORGLA_face_0.jpg,-3.5,train
female_23_RLNZGRK_face_0.jpg,0.288329519451,train
female_23_E8SSH8S_face_0.jpg,-5.0,train
female_20_RRGYRLS_face_1.jpg,1.72516556291,train
female_23_EQKESMK_face_0.jpg,1.26490066225,train
female_22_K8OUSLO_face_0.jpg,0.33409610984,train
female_22_GSALRRK_face_0.jpg,-2.08333333333,train
female_21_AMB8NZO_face_0.jpg,-1.32119205298,train
female_19_ALNYORH_face_0.jpg,1.16225165563,train
female_21_RQBMAEN_face_0.jpg,1.37748344371,train
female_18_RRHESZH_face_0.jpg,-0.654462242563,train
female_23_RLGMHSE_face_0.jpg,-0.0686498855835,train
female_23_ESO8NUS_face_2.jpg,-1.25496688742,train
female_37_ORHRR8S_face_0.jpg,0.569794050343,train
female_21_RRNURLN_face_0.jpg,-0.0434782608696,train
female_18_KERMSRE_face_0.jpg,1.78145695364,train
female_35_OEOSEZR_face_0.jpg,-1.37086092715,train
female_28_RMRYNUE_face_0.jpg,-1.4701986755,train
female_19_RQSMAQE_face_0.jpg,-0.70709382151,train
female_23_OZBENSE_face_0.jpg,0.157894736842,train
female_28_EZERRMK_face_0.jpg,0.276887871854,train
female_19_RYKES8H_face_0.jpg,-0.205949656751,train
female_23_RLBLKZB_face_0.jpg,-1.66556291391,train
female_26_GROUGYR_face_1.jpg,1.63907284768,train
female_36_RRNMSSS_face_0.jpg,1.64569536424,train
female_24_RLSMNRK_face_0.jpg,1.66225165563,train
female_18_RYSQASN_face_0.jpg,-2.97916666667,train
female_19_OQEUEZB_face_0.jpg,-0.826086956522,train
female_19_BRB8NZ_face_0.jpg,2.70138888889,train
female_20_KZSEOLB_face_0.jpg,-0.194508009153,train
female_23_RLBMKYN_face_1.jpg,-0.780320366133,train
female_20_GQEZAZB_face_0.jpg,4.0,train
female_18_RLGRNYN_face_0.jpg,3.22916666667,train
female_18_B8HEK8E_face_0.jpg,2.75694444444,train
female_36_RRSLRYS_face_0.jpg,-3.29166666667,train
female_20_RLBMKME_face_0.jpg,-0.993135011442,train
female_23_RLB8SZG_face_0.jpg,0.0617848970252,train
female_18_RRGMOMR_face_0.jpg,-3.02083333333,train
female_25_RQNEKSK_face_0.jpg,0.446224256293,train
female_19_GQRMSQB_face_0.jpg,0.713958810069,train
female_19_ARAQAMS_face_0.jpg,-1.45033112583,train
female_33_RLBZNYO_face_0.jpg,-1.39072847682,train
female_26_RRGMBEA_face_0.jpg,2.36111111111,train
female_18_RQASSUK_face_0.jpg,-0.0961098398169,train
female_18_EQEYA8_face_0.jpg,0.617848970252,train
female_40_RLAURQO_face_0.jpg,-2.61111111111,train
female_18_RRNQRZH_face_0.jpg,-1.95364238411,train
female_26_ELR8BLR_face_0.jpg,-1.65894039735,train
female_30_AREEBMA_face_1.jpg,1.75496688742,train
female_18_RREREMH_face_0.jpg,-2.07638888889,train
female_18_RRHQN8S_face_0.jpg,2.69444444444,train
female_36_RLRSEZS_face_1.jpg,-1.54966887417,train
female_36_GUGSNQB_face_0.jpg,-2.9375,train
female_35_RSEZHQH_face_0.jpg,0.194508009153,train
female_18_RRGUKMK_face_0.jpg,-0.221967963387,train
female_18_RRKLKUH_face_0.jpg,-1.86092715232,train
female_18_RQASGQH_face_0.jpg,-0.894736842105,train
female_22_NYKLOEN_face_0.jpg,-0.560640732265,train
female_19_RMSLHSR_face_0.jpg,0.947368421053,train
female_27_ALSQHUO_face_0.jpg,-1.93046357616,train
female_19_RRKEBSB_face_0.jpg,-2.15277777778,train
female_25_OLHRHLO_face_0.jpg,-2.36805555556,train
female_20_EUASBMO_face_0.jpg,2.95833333333,train
female_18_RRKMKYB_face_0.jpg,1.18874172185,train
female_21_RRNZOYK_face_0.jpg,1.37417218543,train
female_32_RREEASR_face_1.jpg,-0.0594965675057,train
female_19_RQNMBZE_face_0.jpg,1.49337748344,train
female_19_RRAEAUK_face_0.jpg,0.643020594966,train
female_29_RSGRHRK_face_1.jpg,-1.09271523179,train
female_22_RMGSORB_face_0.jpg,0.116704805492,train
female_29_AUN8BYG_face_0.jpg,-1.98344370861,train
female_21_RUGQH8H_face_0.jpg,-1.3642384106,train
female_26_RQB8EUK_face_0.jpg,-1.75496688742,train
female_24_EYERNYK_face_0.jpg,-1.81125827815,train
female_18_EZE8SER_face_1.jpg,-1.01324503311,train
female_18_RUORB8N_face_1.jpg,-2.61805555556,train
female_24_RQGRRYH_face_0.jpg,-1.14238410596,train
female_18_GSNEO8G_face_0.jpg,0.883295194508,train
female_18_RRNRASG_face_0.jpg,0.224256292906,train
female_18_RRRRAYE_face_1.jpg,1.2582781457,train
female_38_RRBRBUS_face_0.jpg,-0.256292906178,train
female_22_O8RLRLE_face_0.jpg,3.77083333333,train
female_22_RLNLOSS_face_0.jpg,-2.24305555556,train
female_20_AUB8NZS_face_0.jpg,-0.505720823799,train
female_38_RLSUALA_face_0.jpg,0.842105263158,train
female_18_RUEEOUS_face_1.jpg,-0.320366132723,train
female_24_RROLGLG_face_0.jpg,0.800915331808,train
female_28_AYNMEQE_face_0.jpg,-1.52649006623,train
female_18_RQHMGYG_face_1.jpg,0.0434782608696,train
female_20_ALBMSLK_face_0.jpg,-3.125,train
female_37_AEGSSUB_face_0.jpg,1.90066225166,train
female_18_RLSSEUN_face_0.jpg,-0.487414187643,train
female_18_RSEURMH_face_0.jpg,-0.274599542334,train
female_20_AEEUBZR_face_0.jpg,-2.68055555556,train
female_20_KSBEKRO_face_0.jpg,-0.0503432494279,train
female_19_RLAQRQB_face_0.jpg,-0.224256292906,train
female_18_RRKQSZA_face_0.jpg,1.95695364238,train
female_22_RREEREA_face_1.jpg,-1.33774834437,train
female_20_B8HQESA_face_1.jpg,-1.95033112583,train
female_28_AUHSH8S_face_1.jpg,0.270022883295,train
female_23_ALKQELH_face_1.jpg,2.78472222222,train
female_30_BQNRA8G_face_0.jpg,-0.720823798627,train
female_19_RMEROMR_face_0.jpg,-1.89735099338,train
female_40_BQKLBEE_face_0.jpg,-2.45833333333,train
female_21_EEAUBLN_face_0.jpg,0.91533180778,train
female_18_RLASGMO_face_1.jpg,-1.74503311258,train
female_38_ERNMHQH_face_0.jpg,0.565217391304,train
female_27_BMALOQK_face_0.jpg,1.98013245033,train
female_31_AEEUBMA_face_0.jpg,-0.141876430206,train
female_18_RRNLELS_face_0.jpg,0.45995423341,train
female_20_RRN8HRO_face_0.jpg,3.02083333333,train
female_24_AROSOLK_face_1.jpg,-0.215102974828,train
female_20_ASOEKQS_face_0.jpg,0.450800915332,train
female_24_E8HMHRE_face_0.jpg,-0.745995423341,train
female_18_RYAYKRR_face_0.jpg,1.22185430464,train
female_19_AMO8O8E_face_0.jpg,-1.26490066225,train
female_18_RRHMAYS_face_0.jpg,0.622425629291,train
female_25_ELNZBZO_face_0.jpg,-2.15972222222,train
female_18_RQGLHZE_face_1.jpg,-2.92361111111,train
female_31_EZEZAYK_face_0.jpg,-0.091533180778,train
female_21_KSNQN8K_face_1.jpg,-2.96527777778,train
female_18_RLR8SQN_face_2.jpg,-1.15894039735,train
female_18_RUGZKRH_face_0.jpg,-2.38888888889,train
female_23_RUKYORS_face_0.jpg,-0.411899313501,train
female_19_RLS8NZR_face_0.jpg,2.625,train
female_30_RLG8HUB_face_0.jpg,-1.34768211921,train
female_18_RLRQNUS_face_0.jpg,0.215102974828,train
female_18_AZSQEEK_face_0.jpg,0.723112128146,train
female_18_RROUOSE_face_0.jpg,0.8352402746,train
female_34_RYOLRQE_face_0.jpg,-2.69444444444,train
female_25_RSORASH_face_1.jpg,-3.72916666667,train
female_19_RRKLKLK_face_0.jpg,-0.00228832951945,train
female_18_RLBSOER_face_0.jpg,0.313501144165,train
female_33_BRHEKYK_face_0.jpg,-3.45833333333,validation
female_21_BQKMGRG_face_0.jpg,-0.752860411899,validation
female_28_AZRMAZG_face_0.jpg,-1.06953642384,validation
female_26_RYNQERH_face_0.jpg,-1.80463576159,validation
female_24_RSALHQO_face_1.jpg,-1.58278145695,validation
female_18_RMNYKRR_face_0.jpg,-0.74828375286,validation
female_18_OZBUKRE_face_0.jpg,1.05298013245,validation
female_18_RRHUGRN_face_0.jpg,1.48344370861,validation
female_25_RROMOUA_face_0.jpg,3.4375,validation
female_24_A8RLBMR_face_0.jpg,0.814645308924,validation
female_23_RRREOQK_face_0.jpg,-2.11805555556,validation
female_20_RLASAEK_face_0.jpg,2.38888888889,validation
female_18_RRALKMK_face_1.jpg,-0.402745995423,validation
female_29_RSAZRZA_face_0.jpg,-0.288329519451,validation
female_26_RROMNER_face_1.jpg,-0.588100686499,validation
female_18_RQBQAMR_face_0.jpg,0.139588100686,validation
female_29_RRE8ARN_face_0.jpg,-0.379862700229,validation
female_27_ASOMGE_face_0.jpg,-2.77777777778,validation
female_25_AZNZHSE_face_0.jpg,-2.02777777778,validation
female_23_E8OURUE_face_0.jpg,1.7417218543,validation
female_18_RYAQAQK_face_0.jpg,1.29139072848,validation
female_18_BZSZRZN_face_0.jpg,-2.74305555556,validation
female_18_RLHUOYN_face_0.jpg,-0.986270022883,validation
female_26_K8KEKLH_face_0.jpg,-1.64569536424,validation
female_18_RROYOYG_face_0.jpg,-1.14569536424,validation
female_29_NLHYS8O_face_0.jpg,-0.306636155606,validation
female_18_RQSMSLB_face_0.jpg,3.14583333333,validation
female_18_RRSYHZS_face_1.jpg,0.979405034325,validation
female_20_ASAMHZR_face_1.jpg,-1.81456953642,validation
female_24_RMNQHSO_face_0.jpg,-0.871853546911,validation
female_18_AESQB8A_face_0.jpg,0.963386727689,validation
female_22_RSESKSG_face_0.jpg,-0.187643020595,validation
female_19_OZARHQG_face_0.jpg,-0.132723112128,validation
female_18_RRALSUN_face_0.jpg,0.787185354691,validation
female_19_RLKZEUG_face_0.jpg,1.87417218543,validation
female_26_RRNSRQG_face_0.jpg,-0.212814645309,validation
female_23_EQAEOQE_face_2.jpg,0.162471395881,validation
female_29_RRRUBEN_face_0.jpg,-2.4375,validation
female_24_OZH8HMR_face_0.jpg,0.0228832951945,validation
female_29_RUALBYH_face_0.jpg,-1.15562913907,validation
female_22_AUARBUS_face_0.jpg,-1.50662251656,validation
female_22_NUBZOQS_face_1.jpg,-1.80132450331,validation
female_19_RLAUH8A_face_0.jpg,1.59271523179,validation
female_18_RYAZHZB_face_1.jpg,2.20138888889,validation
female_18_RLEMGEA_face_0.jpg,-0.881006864989,validation
female_33_RLBZEUA_face_0.jpg,0.0160183066362,validation
female_26_NUBSKEK_face_0.jpg,-1.6059602649,validation
female_21_RRO8HSG_face_0.jpg,0.899313501144,validation
female_20_ARNQEQS_face_0.jpg,-0.0045766590389,validation
female_31_RLBEKUB_face_0.jpg,-1.01655629139,validation
female_18_RLRQEQN_face_0.jpg,2.40972222222,validation
female_24_RSRZGRG_face_0.jpg,1.44039735099,validation
female_27_E8EEREH_face_1.jpg,0.965675057208,validation
female_18_RRNEHSG_face_0.jpg,2.52083333333,validation
female_20_ASGLHSA_face_0.jpg,0.604118993135,validation
female_20_BYGRSYB_face_0.jpg,0.281464530892,validation
female_40_EEORBLG_face_0.jpg,-1.32450331126,validation
female_18_RRO8H8R_face_0.jpg,-1.29139072848,validation
female_18_RUSSSUK_face_0.jpg,0.95881006865,validation
female_39_OEO8BUK_face_0.jpg,1.70860927152,validation
female_18_RRKMESN_face_0.jpg,1.83443708609,validation
female_28_RROZE8O_face_1.jpg,-0.638443935927,validation
female_19_RLBREUR_face_0.jpg,-0.469107551487,validation
female_28_BZA8OMH_face_0.jpg,1.73509933775,validation
female_19_RYREAMB_face_0.jpg,1.83774834437,validation
female_32_EMBEOYG_face_0.jpg,-1.35099337748,validation
female_24_RQEUOLR_face_0.jpg,-1.33112582781,validation
female_33_RYAQKLR_face_1.jpg,-3.60416666667,validation
female_20_ORAYOUB_face_2.jpg,2.65972222222,validation
female_18_ORNSBYB_face_0.jpg,2.66666666667,validation
female_32_ALOZSLR_face_0.jpg,-2.85416666667,validation
female_19_RYEUHZO_face_0.jpg,0.109839816934,validation
female_18_E8GSSYO_face_0.jpg,-0.0091533180778,validation
female_18_RQSSNRG_face_1.jpg,-1.53973509934,validation
female_18_RLBUOQB_face_0.jpg,1.34105960265,validation
female_26_AQOYE8H_face_0.jpg,0.443935926773,validation
female_18_AUNLEQO_face_0.jpg,-3.70833333333,validation
female_25_RQSYSYE_face_0.jpg,2.19444444444,validation
female_19_ARHLSUG_face_1.jpg,1.92715231788,validation
female_19_RLGEKQE_face_0.jpg,0.66819221968,validation
female_21_E8OQNEG_face_0.jpg,-1.96688741722,validation
female_18_RRRUHEA_face_0.jpg,1.84105960265,validation
female_19_EEOUOZR_face_1.jpg,-0.686498855835,validation
female_18_OZBYKZA_face_1.jpg,1.26821192053,validation
female_21_ALB8OZN_face_0.jpg,-0.0411899313501,validation
female_21_RRSSAZH_face_0.jpg,0.16704805492,validation
female_26_RRNRAMA_face_0.jpg,-1.15231788079,validation
female_18_RQEUR8O_face_0.jpg,0.526315789474,validation
female_34_RSORRZA_face_0.jpg,-1.23509933775,validation
female_18_AQKUKEG_face_0.jpg,4.90909090909,validation
female_33_RSOYNLR_face_2.jpg,-3.10416666667,validation
female_18_BEB8ESE_face_0.jpg,-0.773455377574,validation
female_23_RSRMAEB_face_1.jpg,0.20823798627,validation
female_22_RMEMKSG_face_0.jpg,-0.421052631579,validation
female_38_RLO8OQS_face_0.jpg,0.361556064073,validation
female_18_RRKSGMK_face_1.jpg,1.46688741722,validation
female_19_ERBLSZB_face_2.jpg,-0.636155606407,validation
female_24_EZRLGUO_face_0.jpg,-0.897025171625,validation
female_18_GZEQSSB_face_0.jpg,2.04166666667,validation
female_18_AEHQKYG_face_0.jpg,0.924485125858,validation
female_19_AYS8KYS_face_0.jpg,-0.283752860412,validation
female_19_RRRLOYR_face_0.jpg,0.881006864989,validation
female_23_E8BSN8_face_0.jpg,-1.94370860927,validation
female_26_GYBZO8G_face_0.jpg,-0.37528604119,validation
female_27_RYNMG8K_face_0.jpg,-0.0389016018307,validation
female_25_RQNYBSB_face_0.jpg,0.858123569794,validation
female_24_RRRRHRA_face_0.jpg,0.725400457666,validation
female_19_RQR8RSN_face_0.jpg,-0.62471395881,validation
female_34_RROLNLA_face_0.jpg,1.74503311258,validation
female_28_RLSRHYA_face_0.jpg,-1.48675496689,validation
female_18_AZSZRSK_face_0.jpg,-0.54233409611,validation
female_34_RSKSAMR_face_0.jpg,-1.66225165563,validation
female_18_AQKURZ_face_0.jpg,1.03973509934,validation
female_23_RYEUKQS_face_0.jpg,0.469107551487,validation
female_27_RSSZKLK_face_0.jpg,-0.24942791762,validation
female_22_GQAQGMK_face_1.jpg,0.981693363844,validation
female_23_ELOUHYH_face_0.jpg,1.5761589404,validation
female_18_AUKEORE_face_0.jpg,0.322654462243,validation
female_33_RLSSNLA_face_2.jpg,-0.810068649886,validation
female_20_RQHMEYH_face_1.jpg,-1.69867549669,validation
female_21_AYGZHRO_face_0.jpg,-2.53472222222,validation
female_21_AERQSRE_face_0.jpg,-0.196796338673,validation
female_18_RLH8AMN_face_0.jpg,1.44370860927,validation
female_19_G8AYGSB_face_0.jpg,-0.517162471396,validation
female_18_OMOSHMB_face_0.jpg,1.34437086093,validation
female_18_RQRQGEK_face_0.jpg,1.2119205298,validation
female_38_RLSQOMA_face_0.jpg,-5,validation
female_20_EUOLGZS_face_0.jpg,-0.569794050343,validation
female_18_RSNSSYA_face_1.jpg,-0.95881006865,validation
female_34_RLRLNEG_face_0.jpg,-0.400457665904,validation
female_18_B8RLGZG_face_0.jpg,1.76821192053,validation
female_20_RYRSEMB_face_0.jpg,2.71527777778,validation
female_37_RRSQNRE_face_0.jpg,-2.94444444444,validation
female_20_EZHMHYK_face_0.jpg,1.62582781457,validation
female_33_AZGROMO_face_0.jpg,-0.768878718535,validation
female_19_RRRUGSG_face_2.jpg,-0.562929061785,validation
female_19_ALE8SMH_face_0.jpg,1.15894039735,validation
female_30_ARSROUH_face_0.jpg,-3.64583333333,validation
female_18_RROUKYK_face_0.jpg,0.519450800915,validation
female_23_RQOUE8S_face_0.jpg,-1.32781456954,validation
female_25_RLNYRRB_face_0.jpg,0.359267734554,validation
female_19_RRA8GZR_face_2.jpg,-1.71523178808,validation
female_20_EERYHEA_face_0.jpg,0.135011441648,validation
female_26_ALAYGSR_face_0.jpg,2.15277777778,validation
female_18_ARRMOEG_face_0.jpg,1.78476821192,validation
female_20_RUB8GQA_face_0.jpg,-0.864988558352,validation
female_23_RZNYGQ_face_0.jpg,-0.576659038902,validation
female_18_RRHLBZA_face_0.jpg,1.47682119205,validation
female_19_RRHYO8A_face_1.jpg,-2.80555555556,validation
female_35_RMEUBUE_face_1.jpg,-2.48611111111,validation
female_20_RUKRASS_face_0.jpg,-1.03311258278,validation
female_19_RRRUOLA_face_0.jpg,0.352402745995,validation
female_18_BMGSKYB_face_2.jpg,-0.87414187643,validation
female_25_RLGMHRK_face_0.jpg,0.567505720824,validation
female_25_RYSSRMB_face_0.jpg,-3.35416666667,validation
female_20_N8GYBQS_face_1.jpg,-0.629290617849,validation
female_39_GSK8SRG_face_0.jpg,-2.00694444444,validation
female_18_RROSHES_face_0.jpg,-0.434782608696,validation
female_20_BRRYRMB_face_0.jpg,0.24942791762,validation
female_32_AMKYOMB_face_0.jpg,2.79861111111,validation
female_39_RQNESYB_face_1.jpg,-0.308924485126,validation
female_18_RRN8GLK_face_1.jpg,0.897025171625,validation
female_31_RYEZOZS_face_0.jpg,1.04304635762,validation
female_20_RLASSUK_face_0.jpg,-0.821510297483,validation
female_26_RRKLAUK_face_0.jpg,1.03311258278,validation
female_23_KEGZBLR_face_0.jpg,-1.57284768212,validation
female_18_RRREOUN_face_0.jpg,-1.9238410596,validation
female_20_RSGEERE_face_2.jpg,-1.52317880795,validation
female_19_RRBEAQS_face_2.jpg,1.19867549669,validation
female_22_RRKSN8G_face_0.jpg,0.574370709382,validation
female_26_ARSYHQO_face_0.jpg,1.99337748344,validation
female_20_ARNSOLH_face_0.jpg,0.340961098398,validation
female_32_A8NLH8S_face_0.jpg,-1.11258278146,validation
female_21_AEEMNEE_face_1.jpg,2.27083333333,validation
female_18_RRKYBLK_face_0.jpg,-1.72847682119,validation
female_24_RQAZAER_face_2.jpg,-1.51655629139,validation
female_26_RRNMNEH_face_0.jpg,-1.91390728477,validation
female_18_EMS8GQH_face_0.jpg,2.44444444444,validation
female_31_RUORBSN_face_0.jpg,-3.77083333333,validation
female_21_ARSUBMB_face_0.jpg,1.96026490066,validation
female_20_RSB8BLN_face_0.jpg,0.789473684211,validation
female_23_RRSLGSH_face_1.jpg,-0.947368421053,validation
female_21_AQAQRUA_face_0.jpg,-2.40972222222,validation
female_20_ORAYOUB_face_0.jpg,3.6875,validation
female_20_EQGEHUE_face_1.jpg,2.65277777778,validation
female_18_RRAEOLS_face_0.jpg,0.0549199084668,validation
female_28_RRRYOYK_face_0.jpg,0.354691075515,validation
female_24_BUARGEK_face_1.jpg,0.414187643021,validation
female_24_AUNYSLH_face_1.jpg,-2.66666666667,validation
female_18_RRGMERA_face_0.jpg,0.327231121281,validation
female_20_RMARSQH_face_0.jpg,3.72916666667,validation
female_20_EZOUAZN_face_0.jpg,-0.66590389016,validation
female_20_GSNQBEA_face_2.jpg,2.11111111111,validation
female_22_RQAQRSS_face_0.jpg,-0.938215102975,validation
female_18_RRBUSQK_face_0.jpg,-1.03642384106,validation
female_18_RSOEORA_face_0.jpg,-0.649885583524,validation
female_37_RYOLGER_face_2.jpg,-1.5761589404,validation
female_18_RLESS8H_face_0.jpg,1.24503311258,validation
female_21_BLKEHQN_face_1.jpg,2.38194444444,validation
female_21_RQNQEEO_face_0.jpg,1.61258278146,validation
female_27_RRR8SMG_face_0.jpg,-1.96026490066,validation
female_25_RQRQSUN_face_0.jpg,-0.643020594966,validation
female_21_RRKUBQO_face_0.jpg,0.755148741419,validation
female_22_RUN8OMN_face_0.jpg,-2.36111111111,validation
female_25_G8S8RLH_face_0.jpg,-1.87086092715,validation
female_28_RRA8SZR_face_0.jpg,-1.53311258278,validation
female_20_RLKEEUG_face_1.jpg,-2.95833333333,validation
female_20_ARSRSQB_face_0.jpg,0.0640732265446,validation
female_20_RQBMESA_face_0.jpg,-0.407322654462,validation
female_25_RLOMBYE_face_0.jpg,2.68055555556,validation
female_31_RRKRB8N_face_0.jpg,-0.95652173913,validation
female_18_RROSAMN_face_1.jpg,0.638443935927,validation
female_18_RRNRB8O_face_0.jpg,2.01388888889,validation
female_18_AUAQBYA_face_0.jpg,-0.148741418764,validation
female_24_RYRLNES_face_1.jpg,0.846681922197,validation
female_21_RYHSOZG_face_0.jpg,-2.0,validation
female_19_ELSMAMH_face_1.jpg,-0.672768878719,validation
female_29_RRAQSMN_face_0.jpg,1.5298013245,validation
female_24_ALSQBUK_face_0.jpg,0.910755148741,validation
female_18_RRORAZB_face_0.jpg,-0.496567505721,validation
female_40_RSAZRYN_face_0.jpg,-0.395881006865,validation
female_21_RYE8KSS_face_0.jpg,2.48611111111,validation
female_37_E8BZSZA_face_1.jpg,-0.981693363844,validation
female_19_AQRMRZH_face_0.jpg,0.594965675057,validation
female_18_NUGROSS_face_0.jpg,-1.69536423841,validation
female_18_RRKRGSE_face_0.jpg,-0.530892448513,validation
female_29_RZEUKU_face_0.jpg,2.17361111111,validation
female_24_RQK8BSA_face_0.jpg,3.3125,validation
female_27_AQASARB_face_0.jpg,2.92361111111,validation
female_40_RLKZHEG_face_0.jpg,-2.34027777778,validation
female_29_E8AEREB_face_0.jpg,1.8178807947,validation
female_22_EENUG8B_face_0.jpg,0.0823798627002,validation
female_21_G8GQGRH_face_0.jpg,0.311212814645,validation
female_23_RMRRBMK_face_0.jpg,0.58352402746,validation
female_21_RLALNSS_face_0.jpg,-1.20860927152,validation
female_20_RLEMKRS_face_0.jpg,2.86805555556,validation
female_21_B8GQAYN_face_0.jpg,0.368421052632,validation
female_23_ARAQGMA_face_0.jpg,-0.787185354691,validation
female_23_AEGREZB_face_0.jpg,0.732265446224,validation
female_19_RRESHZK_face_0.jpg,-0.931350114416,validation
female_26_RLHEB8G_face_0.jpg,-0.514874141876,validation
female_28_RLBUBSG_face_0.jpg,0.366132723112,validation
female_18_EREMKEB_face_1.jpg,-1.66887417219,validation
female_24_RRHSGQB_face_0.jpg,-0.327231121281,validation
female_21_RLSZOQB_face_0.jpg,0.398169336384,validation
female_19_OSHYSSS_face_0.jpg,3.54166666667,validation
female_19_RRRUGEE_face_0.jpg,3.10416666667,validation
female_21_RRNZESN_face_0.jpg,-1.23841059603,validation
female_20_RYESNQH_face_0.jpg,-1.08940397351,validation
female_19_RYHZKYB_face_1.jpg,-1.43377483444,validation
female_21_EQS8RQK_face_1.jpg,0.430205949657,validation
female_18_RRG8ASG_face_0.jpg,1.30463576159,validation
female_38_B8EMNLN_face_0.jpg,0.784897025172,validation
female_20_RQNQOZK_face_0.jpg,-0.430205949657,validation
female_18_RRGEKQE_face_0.jpg,0.464530892449,validation
female_28_RQSMOLS_face_0.jpg,2.08333333333,validation
female_22_RSHUHSS_face_0.jpg,-0.935926773455,validation
female_18_RLSMKLE_face_0.jpg,0.409610983982,validation
female_20_RROEKSB_face_0.jpg,-1.02317880795,validation
female_26_RLORNLH_face_1.jpg,0.338672768879,validation
female_22_NEREOMG_face_0.jpg,1.68543046358,validation
female_29_E8NSEQO_face_0.jpg,-1.41721854305,validation
female_22_GUEEOYK_face_0.jpg,0.0526315789474,validation
female_31_ELSMHLA_face_0.jpg,-0.29290617849,validation
female_31_RRNYOMO_face_0.jpg,-0.356979405034,validation
female_36_RSAMSUA_face_0.jpg,0.533180778032,validation
female_25_A8NYAQK_face_0.jpg,0.12356979405,validation
female_18_RROREYN_face_0.jpg,1.86092715232,validation
female_23_RLGUGLA_face_0.jpg,-0.45766590389,validation
female_18_RRKEGUA_face_0.jpg,-3.3125,validation
female_37_RQBYHZK_face_2.jpg,3.41666666667,validation
female_23_RQHEKES_face_1.jpg,1.91721854305,validation
female_24_OYBQSQN_face_0.jpg,1.07284768212,validation
female_29_BQHEKMH_face_0.jpg,2.84027777778,validation
female_23_RLNSRMH_face_0.jpg,-3.0,validation
female_19_GRGQERS_face_0.jpg,-1.18874172185,validation
female_22_RQKQRRB_face_0.jpg,-1.62251655629,validation
female_21_GUK8ARN_face_0.jpg,-0.887871853547,validation
female_22_RSGQOEK_face_0.jpg,0.535469107551,validation
female_18_RRAEBYN_face_1.jpg,0.743707093822,validation
female_24_BEHZSEO_face_0.jpg,1.64238410596,validation
female_19_ALGLAUO_face_1.jpg,-1.48013245033,validation
female_35_RQAMGQB_face_0.jpg,-1.41390728477,validation
female_18_RYARHQH_face_0.jpg,-1.61589403974,validation
female_20_RSRQGZB_face_0.jpg,0.62700228833,validation
female_34_RLE8BZE_face_1.jpg,-0.295194508009,validation
female_34_OLSRBQH_face_0.jpg,0.633867276888,validation
female_19_RROLAMB_face_0.jpg,-2.29861111111,validation
female_18_AEG8ARN_face_1.jpg,2.09027777778,validation
female_21_B8SMHMG_face_0.jpg,-1.54635761589,validation
female_20_N8GMOZK_face_0.jpg,-1.43046357616,validation
female_18_RRHUKQN_face_0.jpg,-0.533180778032,validation
female_23_RQEQGLS_face_1.jpg,-0.814645308924,validation
female_18_RRNZKMK_face_0.jpg,-0.741418764302,validation
female_18_EQAMEZO_face_0.jpg,-2.22222222222,validation
female_27_A8SEHSH_face_0.jpg,0.704805491991,validation
female_18_RRNRG8H_face_0.jpg,2.89583333333,validation
female_20_ALOQHSO_face_0.jpg,-1.97350993377,validation
female_21_BYERKEB_face_0.jpg,2.53472222222,validation
female_22_RLRZAZO_face_1.jpg,-0.526315789474,validation
female_21_AQELOUE_face_0.jpg,-0.382151029748,validation
female_33_ARKRALH_face_1.jpg,2.93055555556,validation
female_26_NRNSHLE_face_0.jpg,-1.37748344371,validation
female_32_RQKYRLO_face_0.jpg,-0.961098398169,validation
female_18_RUOREMH_face_0.jpg,0.233409610984,validation
female_27_RRNREMN_face_0.jpg,-0.233409610984,validation
female_18_RRORSMN_face_0.jpg,-0.0137299771167,validation
female_18_EUAYSZS_face_0.jpg,0.0983981693364,validation
female_30_RLSSOYR_face_0.jpg,-2.70833333333,validation
female_18_BYEYBUG_face_0.jpg,1.0761589404,validation
female_19_RRKUB8H_face_0.jpg,-0.553775743707,validation
female_39_GZKZKRO_face_1.jpg,-0.384439359268,validation
female_36_BZKRBRK_face_0.jpg,-2.04166666667,validation
female_24_GEHLBEK_face_0.jpg,-1.56953642384,validation
female_18_AEGEASR_face_0.jpg,-2.57638888889,test
female_19_RSRYGZB_face_0.jpg,-0.0160183066362,test
female_18_RUSYSMB_face_1.jpg,-1.1821192053,test
female_19_RRNEEEH_face_0.jpg,-2.25,test
female_18_AEHEKZB_face_3.jpg,2.02777777778,test
female_37_RMASRUA_face_0.jpg,-0.151029748284,test
female_26_RRHLBQB_face_0.jpg,-1.05298013245,test
female_26_RUOLALA_face_0.jpg,-1.27483443709,test
female_20_RLHRO8G_face_0.jpg,-1.21854304636,test
female_19_RYOROYR_face_0.jpg,-1.76158940397,test
female_18_RLASGMO_face_0.jpg,-0.837528604119,test
female_24_RROSOYN_face_0.jpg,-3.79166666667,test
female_24_AMA8ALA_face_0.jpg,-0.389016018307,test
female_22_RRO8H8G_face_0.jpg,0.212814645309,test
female_22_RRBUGER_face_1.jpg,-0.178489702517,test
female_19_RSAYBLO_face_0.jpg,-1.22185430464,test
female_23_RQHMHSR_face_0.jpg,3.52083333333,test
female_24_RROUNLB_face_0.jpg,0.297482837529,test
female_18_KSESBLS_face_0.jpg,-2.67361111111,test
female_35_ESGMBYN_face_0.jpg,-3.8125,test
female_31_RRAQSEA_face_0.jpg,0.107551487414,test
female_21_N8NUGYA_face_0.jpg,0.576659038902,test
female_30_RRO8GSK_face_0.jpg,0.0961098398169,test
female_18_RQGLGMG_face_0.jpg,-2.63888888889,test
female_23_RUA8G8A_face_0.jpg,1.66887417219,test
female_19_RRH8OLO_face_0.jpg,0.967963386728,test
female_22_OYHYNEB_face_2.jpg,0.83295194508,test
female_19_OES8BSO_face_0.jpg,-0.475972540046,test
female_23_RRGMNEA_face_0.jpg,2.40277777778,test
female_22_RLELERS_face_0.jpg,0.599542334096,test
female_33_RQGYSSK_face_0.jpg,-1.35430463576,test
female_18_GUNQSYN_face_0.jpg,1.39735099338,test
female_21_RRNEBUB_face_1.jpg,0.0663615560641,test
female_18_RSEUAMA_face_0.jpg,0.29290617849,test
female_33_RRKEERR_face_0.jpg,-1.53642384106,test
female_21_RLARRZR_face_0.jpg,-0.464530892449,test
female_22_NEBROZN_face_0.jpg,-1.91059602649,test
female_24_RROLB8N_face_1.jpg,1.36092715232,test
female_18_EMOEKYN_face_2.jpg,-0.189931350114,test
female_29_RLSZEYO_face_0.jpg,-2.45138888889,test
female_20_AERRBSR_face_0.jpg,-0.347826086957,test
female_21_RLSRG8S_face_0.jpg,1.94370860927,test
female_21_RSRYKMS_face_0.jpg,1.38079470199,test
female_22_EQNMRLB_face_0.jpg,2.90972222222,test
female_26_GQBZHQB_face_0.jpg,3.1875,test
female_18_O8GYRUB_face_0.jpg,0.558352402746,test
female_18_RROZAUH_face_0.jpg,3.33333333333,test
female_18_RQGUAEH_face_0.jpg,1.38410596026,test
female_18_RLSUKYA_face_0.jpg,1.40066225166,test
female_18_KZG8BYN_face_1.jpg,-0.324942791762,test
female_19_RROZNRA_face_0.jpg,0.0137299771167,test
female_29_OYRSGRH_face_0.jpg,-1.24503311258,test
female_19_BZRLSMB_face_0.jpg,0.993135011442,test
female_21_RQHUNLO_face_0.jpg,0.677345537757,test
female_20_ALGLAUO_face_0.jpg,-0.247139588101,test
female_23_RRKQALN_face_1.jpg,-0.620137299771,test
female_18_RSKMR8E_face_0.jpg,-1.29470198675,test
female_28_BLSYGRK_face_0.jpg,1.35430463576,test
female_26_AEEUOQE_face_0.jpg,-0.601830663616,test
female_20_RYOURYK_face_0.jpg,-1.84768211921,test
female_21_AUGLGYB_face_0.jpg,0.775743707094,test
female_20_AUOEOQB_face_1.jpg,-0.386727688787,test
female_24_RSRRKQA_face_0.jpg,-1.23178807947,test
female_21_AQGZRSB_face_0.jpg,0.562929061785,test
female_18_RQSSNRG_face_0.jpg,-2.44444444444,test
female_20_RUKRR8S_face_1.jpg,-1.87748344371,test
female_19_RRK8RYE_face_0.jpg,-0.819221967963,test
female_20_RRNENSK_face_0.jpg,-0.922196796339,test
female_22_RSOMGLS_face_0.jpg,1.85761589404,test
female_26_AQEEREK_face_0.jpg,1.13245033113,test
female_18_RLGUOEA_face_1.jpg,-0.558352402746,test
female_20_AZRZSLS_face_0.jpg,-1.20198675497,test
female_18_AEKROSO_face_0.jpg,2.25,test
female_21_RMN8AYE_face_0.jpg,0.0755148741419,test
female_19_RMRRNUB_face_1.jpg,0.379862700229,test
female_19_RUNMSYS_face_0.jpg,2.83333333333,test
female_18_ARORGMK_face_1.jpg,4.63636363636,test
female_18_RRGYGYG_face_0.jpg,-1.41059602649,test
female_20_ALBUKQN_face_0.jpg,-1.17880794702,test
female_33_GSKQBRN_face_0.jpg,-0.830663615561,test
female_30_RRRRBSR_face_1.jpg,-0.860411899314,test
female_23_RSOQSUA_face_1.jpg,1.31125827815,test
female_19_RRGZBZR_face_1.jpg,-0.302059496568,test
female_22_E8GRBEE_face_0.jpg,-0.231121281465,test
female_22_RRBMGUR_face_0.jpg,2.84722222222,test
female_23_RRNEA8O_face_3.jpg,2.54166666667,test
female_28_NUKUELK_face_1.jpg,0.645308924485,test
female_18_AMGSER_face_0.jpg,2.75,test
female_30_RLNMNLO_face_0.jpg,1.52649006623,test
female_32_AYO8OEN_face_0.jpg,-0.144164759725,test
female_35_RRK8SZH_face_1.jpg,-1.37417218543,test
female_18_RQAMSLR_face_1.jpg,-4.0,test
female_18_NUHEK8O_face_1.jpg,2.97916666667,test
female_23_RROQALR_face_0.jpg,0.132723112128,test
female_22_RLAMSZE_face_0.jpg,-0.869565217391,test
female_18_OEHZOUS_face_0.jpg,1.14900662252,test
female_20_RLNQBRR_face_0.jpg,-0.739130434783,test
female_26_RLOEKZH_face_1.jpg,-1.58609271523,test
female_29_RRHQAQH_face_0.jpg,0.610983981693,test
female_25_RRSEGYO_face_0.jpg,-0.370709382151,test
female_24_GZBZEUN_face_0.jpg,-0.226544622426,test
female_24_RSRURLA_face_0.jpg,1.70529801325,test
female_25_KLOESQO_face_0.jpg,0.588100686499,test
female_24_RRNYREO_face_0.jpg,3.27083333333,test
female_35_AEBUNQE_face_0.jpg,-3.39583333333,test
female_26_EQORBSR_face_0.jpg,0.79176201373,test
female_20_RSRUOEH_face_0.jpg,-2.99305555556,test
female_20_RLERNMK_face_0.jpg,1.08278145695,test
female_20_RQBQHRB_face_0.jpg,0.121281464531,test
female_18_RLS8GLB_face_0.jpg,0.343249427918,test
female_23_RRNRNQR_face_0.jpg,3.35416666667,test
female_20_RQBESLG_face_0.jpg,-3.4375,test
female_23_RYSQKYO_face_1.jpg,-0.045766590389,test
female_18_ERAZKSA_face_0.jpg,-2.20833333333,test
female_19_A8H8BZS_face_0.jpg,-0.967963386728,test
female_33_RSOROSH_face_0.jpg,-2.81944444444,test
female_38_RRBQHZS_face_0.jpg,-1.63245033113,test
female_21_BQRROYN_face_0.jpg,0.192219679634,test
female_20_RLAEGZH_face_0.jpg,0.315789473684,test
female_29_A8SMHRK_face_0.jpg,0.112128146453,test
female_21_AEEMNEE_face_2.jpg,0.716247139588,test
female_20_RURQGRR_face_0.jpg,1.51324503311,test
female_18_RLAQAYK_face_0.jpg,0.544622425629,test
female_19_RSNEESB_face_0.jpg,1.97682119205,test
female_22_RYOREYO_face_0.jpg,-2.34722222222,test
female_36_RRHYK8K_face_0.jpg,-0.794050343249,test
female_26_RRBMHMO_face_1.jpg,-1.71854304636,test
female_25_AMERHZK_face_2.jpg,-0.908466819222,test
female_25_RSR8AUN_face_1.jpg,0.247139588101,test
female_23_RSGMGER_face_0.jpg,-0.345537757437,test
female_18_RRGRSRS_face_0.jpg,0.9176201373,test
female_18_RMGMBQS_face_0.jpg,-2.22916666667,test
female_24_RQRRELA_face_0.jpg,0.0594965675057,test
female_24_RQNYHME_face_0.jpg,-3.66666666667,test
female_18_AZALSQN_face_1.jpg,1.87086092715,test
female_18_RROUN8N_face_0.jpg,1.58278145695,test
female_22_RRKZRUO_face_0.jpg,-0.361556064073,test
female_22_RSSSKQH_face_0.jpg,1.49006622517,test
female_18_RRKROEO_face_1.jpg,3.66666666667,test
female_38_RQOESUG_face_1.jpg,0.258581235698,test
female_23_G8REG8K_face_0.jpg,-0.50114416476,test
female_25_ARA8RMH_face_0.jpg,-0.0846681922197,test
female_20_RRBLERS_face_0.jpg,0.860411899314,test
female_19_RRNZREG_face_0.jpg,-0.807780320366,test
female_18_RRNQKZB_face_0.jpg,-0.805491990847,test
female_18_RQHQAMK_face_1.jpg,-3.9375,test
female_18_ARNSNYA_face_0.jpg,2.86111111111,test
female_26_RMELOZE_face_0.jpg,-0.743707093822,test
female_19_NYEUHQS_face_0.jpg,1.45364238411,test
female_22_RRKZKUH_face_0.jpg,-3.75,test
female_19_EREUSYH_face_0.jpg,2.13194444444,test
female_26_AZHREZN_face_0.jpg,-1.6357615894,test
female_19_RMNYHYG_face_0.jpg,-1.78476821192,test
female_18_RRSLN8G_face_1.jpg,-1.05960264901,test
female_20_RSGZGSG_face_0.jpg,-0.485125858124,test
female_38_ALAQKEA_face_0.jpg,0.0366132723112,test
female_18_RRSSKQS_face_0.jpg,-0.160183066362,test
female_24_RLA8NSH_face_0.jpg,2.15972222222,test
female_19_RLKMK8R_face_0.jpg,-1.6821192053,test
female_24_B8KMGZR_face_0.jpg,1.20529801325,test
female_24_OEE8GRG_face_0.jpg,-0.340961098398,test
female_22_RSORELN_face_1.jpg,2.56944444444,test
female_22_A8SMHSR_face_0.jpg,1.77483443709,test
female_35_GMAQOQA_face_0.jpg,-1.99668874172,test
female_18_AEGLKUS_face_0.jpg,1.46026490066,test
female_18_A8OLOEN_face_1.jpg,1.50662251656,test
female_28_RLSUKUN_face_0.jpg,0.496567505721,test
female_22_GSHERQE_face_3.jpg,0.530892448513,test
female_39_AEEMB8O_face_0.jpg,-2.75694444444,test
female_24_RRNZELA_face_1.jpg,1.26158940397,test
female_26_RYRMB8H_face_0.jpg,-1.58940397351,test
female_22_RLE8ARE_face_0.jpg,0.427917620137,test
female_20_ASAMHZR_face_2.jpg,-1.88410596026,test
female_18_ELOZSMO_face_0.jpg,2.6875,test
female_39_RRNZSYK_face_0.jpg,-0.613272311213,test
female_18_RSHUBZA_face_0.jpg,2.10416666667,test
female_18_OSELKYG_face_1.jpg,2.61805555556,test
female_20_GRO8EQE_face_1.jpg,1.56622516556,test
female_23_RSBMHQK_face_0.jpg,-1.40728476821,test
female_21_RQELOMO_face_0.jpg,-0.183066361556,test
female_22_RRGMGYB_face_0.jpg,0.475972540046,test
female_22_O8EUEUA_face_0.jpg,-0.551487414188,test
female_22_RRSLAYH_face_1.jpg,-1.2417218543,test
female_18_RRARARA_face_0.jpg,-2.04861111111,test
female_18_RMOLRQH_face_0.jpg,-1.83112582781,test
female_18_RQA8RLO_face_0.jpg,-0.919908466819,test
female_22_OZH8BRA_face_0.jpg,-1.99337748344,test
female_21_RMELRYH_face_3.jpg,-0.503432494279,test
female_19_GQKYEMS_face_0.jpg,2.82638888889,test
female_18_AZNUEMA_face_0.jpg,0.389016018307,test
female_24_AEASHSN_face_1.jpg,-1.22516556291,test
female_18_ALRUO8G_face_1.jpg,1.69867549669,test
female_26_AUNEESN_face_1.jpg,0.512585812357,test
female_24_AUNRKYN_face_0.jpg,-0.439359267735,test
female_19_RRHYO8A_face_0.jpg,0.556064073227,test
female_25_RQOZKUH_face_0.jpg,-1.10264900662,test
female_20_EMBEOYA_face_0.jpg,0.608695652174,test
female_18_RRBQAQG_face_0.jpg,0.144164759725,test
female_23_RLAUAEE_face_0.jpg,1.82781456954,test
female_22_RLRMKLB_face_1.jpg,0.437070938215,test
female_18_RLSSE8B_face_0.jpg,2.73611111111,test
female_32_OZAMNSR_face_1.jpg,1.53311258278,test
female_18_RYRSSQB_face_0.jpg,0.0,test
female_24_SSESKL_face_0.jpg,-1.49668874172,test
female_18_RQAYAZN_face_0.jpg,-2.70138888889,test
female_23_GENZEMG_face_0.jpg,0.240274599542,test
female_37_RROYRQA_face_0.jpg,1.36754966887,test
female_20_RLBEBRG_face_0.jpg,0.453089244851,test
female_21_RRHQR8N_face_0.jpg,-0.315789473684,test
female_18_RQGLRQE_face_1.jpg,-0.66819221968,test
female_36_RUOMH8O_face_0.jpg,2.16666666667,test
female_24_RQB8EZO_face_0.jpg,-0.33180778032,test
female_23_NQGRKRN_face_0.jpg,-0.970251716247,test
female_18_GYSUBYH_face_0.jpg,0.940503432494,test
female_23_RRKMGMS_face_0.jpg,1.09933774834,test
female_20_RSNLRMB_face_0.jpg,3.875,test
female_18_RLNYARK_face_0.jpg,1.35761589404,test
female_23_ALNEBUH_face_0.jpg,0.890160183066,test
female_21_RRHYSEG_face_0.jpg,1.16887417219,test
female_29_RLSUBLA_face_3.jpg,-1.27814569536,test
female_20_RRNZGQK_face_0.jpg,-1.46688741722,test
female_35_AMA8GRG_face_0.jpg,-0.489702517162,test
female_34_NMBMGRE_face_1.jpg,0.160183066362,test
female_19_OZGZSYG_face_0.jpg,-0.83295194508,test
female_22_RLO8OSH_face_0.jpg,0.853546910755,test
female_18_RRRRARA_face_0.jpg,1.84437086093,test
female_19_RRASELS_face_1.jpg,-1.02649006623,test
female_19_RRGMBEK_face_0.jpg,-0.455377574371,test
female_19_RSBYHLK_face_0.jpg,-0.647597254005,test
female_26_EROZOSA_face_0.jpg,-0.617848970252,test
female_18_AYK8AUG_face_0.jpg,-1.72185430464,test
female_22_RRGYNZR_face_1.jpg,0.977116704805,test
female_26_RQGURRE_face_0.jpg,-1.90728476821,test
female_19_RRGYGSR_face_0.jpg,-0.0823798627002,test
female_18_RSEUREK_face_1.jpg,1.0,test
female_28_AEKSKQH_face_0.jpg,1.43377483444,test
female_21_EUNSAUG_face_1.jpg,0.949656750572,test
female_18_RLSMNMS_face_1.jpg,0.990846681922,test
female_27_EUGZSMN_face_0.jpg,-0.118993135011,test
female_19_RQOUOZN_face_0.jpg,2.67361111111,test
female_29_BRSSEYB_face_0.jpg,1.24834437086,test
female_28_RLOQSEE_face_0.jpg,-1.85099337748,test
female_18_BESESQA_face_1.jpg,0.935926773455,test
female_25_NZR8NQE_face_0.jpg,0.295194508009,test
female_20_O8SLAYA_face_0.jpg,1.04966887417,test
female_40_RURES8S_face_0.jpg,1.30132450331,test
female_22_RLKLRMK_face_0.jpg,-0.990846681922,test
female_23_RQBLKQH_face_0.jpg,1.58940397351,test
female_36_NRRQA8A_face_0.jpg,0.180778032037,test
female_31_AESYEZE_face_0.jpg,-2.84027777778,test
female_24_NMORAQE_face_0.jpg,-2.375,test
female_26_RRKLNEB_face_1.jpg,-1.09933774834,test
female_18_RROSE8R_face_0.jpg,1.27814569536,test
female_22_RRRQNUH_face_0.jpg,-3.33333333333,test
female_19_AREYGRO_face_1.jpg,3.29166666667,test
female_18_RSBLNYE_face_1.jpg,0.244851258581,test
female_26_BUSMRSN_face_1.jpg,-0.851258581236,test
female_27_RSEQNLN_face_0.jpg,-0.995423340961,test
female_21_ORAMKMS_face_0.jpg,-0.0526315789474,test
female_21_RUR8GUA_face_0.jpg,-1.68543046358,test
female_35_RRN8AQB_face_0.jpg,-2.51388888889,test
female_32_ERBSEZA_face_0.jpg,1.40397350993,test
female_19_AMNUOLN_face_0.jpg,-0.286041189931,test
female_27_E8HUBUS_face_0.jpg,1.69205298013,test
female_26_RYALSMB_face_0.jpg,-0.622425629291,test
female_20_ALSYSZO_face_0.jpg,-1.06622516556,test
female_18_AZREBUK_face_0.jpg,1.11258278146,test
female_18_EUKRGQE_face_0.jpg,1.12913907285,test
female_22_RQSYOMN_face_0.jpg,-0.508009153318,test
female_21_RSRLB8O_face_0.jpg,-1.72516556291,test
female_26_RSEZKLE_face_0.jpg,-0.244851258581,test
female_29_RRHLO8A_face_0.jpg,-0.9176201373,test
female_29_RQNQGMG_face_0.jpg,0.329519450801,test
female_40_RLHSOSR_face_0.jpg,1.27483443709,test
female_19_AQAESZB_face_1.jpg,-0.983981693364,test
female_18_OSKQHZS_face_0.jpg,0.29061784897,test
female_26_A8GMOMG_face_0.jpg,-1.46357615894,test
female_19_A8BYH8A_face_0.jpg,2.45833333333,test
female_29_RQO8OYS_face_0.jpg,-2.01388888889,test
female_22_AEOZKRB_face_0.jpg,1.63245033113,test
female_20_BZERBEG_face_0.jpg,-0.441647597254,test
female_19_NLREHQG_face_0.jpg,0.601830663616,test
female_19_RRGMHRA_face_0.jpg,-2.0625,test
female_24_A8SQHES_face_0.jpg,2.41666666667,test
female_19_ARHUHRR_face_1.jpg,0.839816933638,test
female_18_RRGMESA_face_0.jpg,0.221967963387,test
female_22_GSGUHLB_face_0.jpg,-2.31944444444,test
female_39_RLBLBYA_face_1.jpg,-0.842105263158,test
female_18_ARKROMG_face_1.jpg,0.681922196796,test
female_21_RMAYGSS_face_1.jpg,3.70833333333,test
female_22_KEO8BZG_face_0.jpg,-0.338672768879,test
female_18_RLRRHMN_face_0.jpg,0.773455377574,test
female_23_A8AEALB_face_0.jpg,-0.0778032036613,test
female_26_RLRZARG_face_0.jpg,0.517162471396,test
female_24_NMHLAZS_face_0.jpg,-0.276887871854,test
female_18_RRK8GMB_face_0.jpg,0.848970251716,test
female_20_AYNEB8S_face_0.jpg,4.54545454545,test
female_20_RRN8KYO_face_1.jpg,1.29801324503,test
female_29_RQKMRSB_face_0.jpg,-1.78145695364,test
female_18_RMNLSUS_face_0.jpg,0.931350114416,test
female_20_RQHYKSB_face_0.jpg,-1.26821192053,test
female_24_E8GERSN_face_0.jpg,-1.68874172185,test
female_18_OUEQRZH_face_0.jpg,2.97222222222,test
female_19_RRKYS8N_face_0.jpg,-0.219679633867,test
female_24_AUSYKYK_face_0.jpg,2.25694444444,test
female_18_A8HRO8A_face_0.jpg,0.974828375286,test
female_28_A8BMGZN_face_0.jpg,1.14238410596,test
female_19_ESGZKEG_face_0.jpg,-0.524027459954,test
female_19_GMAQRES_face_0.jpg,0.141876430206,test
female_32_RLBLS8N_face_0.jpg,2.45138888889,test
female_24_AYBEKRN_face_0.jpg,1.23509933775,test
female_19_RSOSGEE_face_0.jpg,-0.858123569794,test
female_22_ASNSHMA_face_0.jpg,1.90728476821,test
female_23_AZAQBEH_face_0.jpg,-0.228832951945,test
female_23_RMOYSZA_face_0.jpg,-0.025171624714,test
female_21_GMBLOYA_face_0.jpg,3.5,test
female_22_RRAYNSR_face_1.jpg,2.52777777778,test
female_21_B8ASKZG_face_0.jpg,0.00228832951945,test
female_22_NZSYA8N_face_0.jpg,-2.10416666667,test
female_20_ARNZRMH_face_0.jpg,1.56953642384,test
female_30_RRGMHRK_face_0.jpg,-1.04304635762,test
female_24_EUS8BMR_face_0.jpg,-3.97916666667,test
female_36_AZNRSSK_face_0.jpg,-1.45364238411,test
female_21_OLNLGEK_face_2.jpg,0.654462242563,test
female_24_RRNZSUG_face_0.jpg,-0.723112128146,test
female_21_AESMRRK_face_0.jpg,-0.812356979405,test
female_33_EZNRHMR_face_0.jpg,0.00686498855835,test
female_24_RRGEKRK_face_0.jpg,-0.462242562929,test
female_19_NQELOZA_face_0.jpg,2.60416666667,test
female_28_GYKYHUB_face_0.jpg,-2.875,test
female_18_RRNYKUH_face_0.jpg,3.625,test
female_18_RRSLA8A_face_0.jpg,1.21523178808,test
female_18_RYA8GLO_face_1.jpg,-1.98013245033,test
female_21_RQORNEA_face_1.jpg,2.91666666667,test
female_32_GRRSGSH_face_0.jpg,0.50114416476,test
female_18_RRA8O8A_face_0.jpg,0.100686498856,test
female_35_ELREEEN_face_0.jpg,1.65231788079,test
female_30_RMKRG8H_face_0.jpg,-1.63907284768,test
female_20_KRHLBUK_face_2.jpg,-1.55629139073,test
female_24_RRNENYG_face_0.jpg,0.176201372998,test
female_18_RYSUH8G_face_0.jpg,2.77777777778,test
female_20_RLRYGLR_face_0.jpg,-0.800915331808,test
female_20_AEBYREK_face_1.jpg,-0.853546910755,test
female_19_RLKMSQB_face_0.jpg,1.00662251656,test
female_18_RQBQBYG_face_0.jpg,0.75057208238,test
female_32_RRHSRER_face_0.jpg,0.382151029748,test
female_18_EMN8RZN_face_0.jpg,0.228832951945,test
female_34_RRGQKLN_face_3.jpg,0.324942791762,test
female_21_AQBZBMO_face_0.jpg,-1.89072847682,test
female_20_RYEUOLE_face_0.jpg,1.37086092715,test
female_20_AZR8BQK_face_0.jpg,-1.11589403974,test
female_26_RSEMNSO_face_0.jpg,-2.52777777778,test
female_19_RQEQBQR_face_0.jpg,1.92052980132,test
female_18_RRNZH8B_face_0.jpg,-2.83333333333,test
female_20_RQG8NRB_face_0.jpg,-0.343249427918,test
female_34_RQBSARG_face_0.jpg,-0.757437070938,test
female_22_NROMNLR_face_0.jpg,0.384439359268,test
female_25_RRK8HMG_face_0.jpg,1.45033112583,test
female_18_R8H8KL_face_0.jpg,1.97350993377,test
female_19_BYEZOYN_face_0.jpg,0.810068649886,test
female_18_RLGSOLG_face_1.jpg,2.28472222222,test
female_18_GQBRA8H_face_2.jpg,1.91390728477,test
female_28_BLRYRZK_face_0.jpg,0.0778032036613,test
female_18_RRERBQN_face_0.jpg,1.1821192053,test
female_21_RRKZH8N_face_0.jpg,0.347826086957,test
female_23_GSHEAMB_face_0.jpg,0.672768878719,test
female_18_BZHMBUE_face_0.jpg,1.4238410596,test
female_31_GLR8RLA_face_1.jpg,-0.778032036613,test
female_18_OQOEKRE_face_0.jpg,-0.49885583524,test
female_20_OEGENQB_face_0.jpg,0.070938215103,test
female_19_RMHQESB_face_0.jpg,-0.16704805492,test
female_26_RRNSBYN_face_0.jpg,-0.0663615560641,test
female_29_RYHLHSG_face_0.jpg,0.480549199085,test
female_27_RRNMSYR_face_1.jpg,2.55555555556,test
female_28_RMNLNUK_face_2.jpg,1.03642384106,test
female_18_ESEEREN_face_0.jpg,0.729977116705,test
female_22_GSHERQE_face_1.jpg,-0.272311212815,test
female_32_KRS8BZH_face_0.jpg,-0.265446224256,test
female_27_BYOEBEA_face_0.jpg,-1.7880794702,test
female_28_RLNZOLS_face_0.jpg,-1.35761589404,test
female_21_GEELASO_face_1.jpg,1.57284768212,test
female_19_RRO8KYA_face_0.jpg,-1.88741721854,test
female_40_EZK8S8N_face_0.jpg,0.1647597254,test
female_23_G8SRBRH_face_0.jpg,3.375,test
female_21_OUOLBLA_face_0.jpg,2.50694444444,test
female_18_RROUEUN_face_1.jpg,1.59602649007,test
female_18_RRKSHQR_face_0.jpg,1.54304635762,test
female_18_ASOMSQO_face_0.jpg,-0.279176201373,test
female_22_EYEERRA_face_0.jpg,-1.79139072848,test
female_23_RLOSH8G_face_0.jpg,-0.0343249427918,test
female_18_GUAUHQR_face_0.jpg,-0.910755148741,test
female_18_RRGSNQN_face_0.jpg,0.41647597254,test
female_34_EYSENRA_face_2.jpg,0.901601830664,test
female_21_OLBSHUA_face_0.jpg,0.306636155606,test
female_21_RROUN8S_face_0.jpg,-0.254004576659,test
female_24_BUREAYA_face_0.jpg,-1.47682119205,test
female_18_GMSLHZA_face_0.jpg,1.40728476821,test
female_26_GQGLRES_face_0.jpg,0.482837528604,test
female_20_ORAYOUB_face_1.jpg,-1.00331125828,test
female_18_RRKMARE_face_0.jpg,0.718535469108,test
female_23_BZRMGEK_face_0.jpg,-2.625,test
female_38_RRHSH8N_face_0.jpg,-0.203661327231,test
female_24_RLNRAUG_face_1.jpg,-0.510297482838,test
female_22_RQSUNRS_face_1.jpg,2.9375,test
female_25_RRGYREA_face_0.jpg,1.87748344371,test
female_22_ALBZNUR_face_0.jpg,0.37528604119,test
female_18_RUERKZA_face_1.jpg,1.79139072848,test
female_18_RRNSBLA_face_0.jpg,1.88741721854,test
female_22_NZAENY_face_0.jpg,-2.98611111111,test
female_19_EEAYSQN_face_0.jpg,-3.27083333333,test
female_18_A8HMNQO_face_0.jpg,-1.92052980132,test
female_23_BQORHYN_face_0.jpg,-1.2582781457,test
female_18_N8KUK8O_face_0.jpg,0.988558352403,test
female_21_ESEZOUN_face_0.jpg,-0.0640732265446,test
female_18_RSGYS8R_face_1.jpg,0.0938215102975,test
female_18_RROUE8R_face_0.jpg,0.74828375286,test
female_21_RYRMKRS_face_0.jpg,-1.19536423841,test
female_21_RROMGUH_face_0.jpg,-0.929061784897,test
female_24_RLBYAEO_face_1.jpg,-0.878718535469,test
female_20_AQAZKRO_face_0.jpg,2.47222222222,test
female_18_AUKEBRA_face_0.jpg,0.151029748284,test
female_26_RSNZSUA_face_0.jpg,-0.107551487414,test
female_24_RQHQEYK_face_0.jpg,-1.12582781457,test
female_22_KQOMBLN_face_1.jpg,0.970251716247,test
female_22_RSOLA8N_face_0.jpg,-1.59271523179,test
female_21_RSEMRYH_face_1.jpg,-1.03973509934,test
female_18_RRRRBYE_face_0.jpg,1.70198675497,test
female_18_RUAYESK_face_0.jpg,-0.885583524027,test
female_18_RUORKUS_face_0.jpg,0.487414187643,test
female_21_EYNRESR_face_0.jpg,-1.00993377483,test
female_19_RMGLKQE_face_0.jpg,1.99006622517,test
female_18_RRNEGQB_face_0.jpg,0.752860411899,test
female_23_BSRUASB_face_1.jpg,1.91059602649,test
female_19_OMBSBYG_face_1.jpg,0.114416475973,test
female_21_AESQNYO_face_0.jpg,1.49668874172,test
female_29_RUOQKRE_face_0.jpg,-1.8940397351,test
female_22_BZNUBSB_face_1.jpg,-2.65277777778,test
female_30_RRN8KYN_face_0.jpg,0.919908466819,test
female_18_OENQHLR_face_0.jpg,2.81944444444,test
female_27_RRRRORS_face_0.jpg,-2.20138888889,test
female_34_RROMGUS_face_0.jpg,2.11805555556,test
female_23_RMKSSUE_face_0.jpg,0.659038901602,test
female_19_RQHYAMK_face_0.jpg,0.95652173913,test
female_21_RYNQBYH_face_0.jpg,0.407322654462,test
female_26_ASORRLA_face_0.jpg,0.441647597254,test
female_33_NZOSE8S_face_0.jpg,-0.377574370709,test
female_28_RYNEEZO_face_1.jpg,1.67218543046,test
female_18_ASREOMN_face_0.jpg,-0.135011441648,test
female_26_BUSMRSN_face_0.jpg,-1.51324503311,test
female_26_KUAQBUR_face_0.jpg,0.185354691076,test
female_18_RRHQRUB_face_0.jpg,-0.716247139588,test
female_20_O8GLKSR_face_0.jpg,-1.08609271523,test
female_18_RUOQOEB_face_1.jpg,-0.29061784897,test
female_22_RRSLNSB_face_0.jpg,-0.592677345538,test
female_37_AURQHLE_face_0.jpg,-0.281464530892,test
female_33_RROQSQE_face_0.jpg,0.514874141876,test
female_18_GUOZK8K_face_0.jpg,-0.478260869565,test
female_26_AUORGSB_face_0.jpg,-0.608695652174,test
female_23_EYNRS8_face_1.jpg,-2.54861111111,test
female_21_RRO8ERA_face_2.jpg,-0.949656750572,test
female_30_KRKUGLS_face_1.jpg,-1.73841059603,test
female_21_GUEEOLN_face_0.jpg,0.894736842105,test
female_19_OZHYRLA_face_0.jpg,2.64583333333,test
female_18_OSBZAUS_face_0.jpg,1.42715231788,test
female_29_RLNQOME_face_0.jpg,-2.79166666667,test
female_22_RQERAQR_face_0.jpg,0.155606407323,test
female_18_RROLHZH_face_0.jpg,0.66590389016,test
female_36_OEBSOYN_face_0.jpg,-1.45695364238,test
female_31_OEASAUB_face_1.jpg,-0.677345537757,test
female_19_RLRSSRR_face_0.jpg,-2.05555555556,test
female_23_ERBMKYN_face_0.jpg,-1.09602649007,test
female_19_RYKLNQH_face_0.jpg,1.33774834437,test
female_19_EEARRQG_face_0.jpg,-0.535469107551,test
female_18_OSKQHZS_face_1.jpg,-1.18543046358,test
female_23_KYKMK8A_face_0.jpg,-2.30555555556,test
female_18_OZHQBES_face_0.jpg,1.23841059603,test
female_18_RRRSRYB_face_0.jpg,1.2880794702,test
female_31_RMHZBYE_face_0.jpg,0.560640732265,test
female_25_RLERNSE_face_0.jpg,-0.482837528604,test
female_18_RSNRS8G_face_0.jpg,1.72185430464,test
female_25_OSNEGQG_face_0.jpg,-0.0228832951945,test
female_21_RRKEAEG_face_0.jpg,1.95364238411,test
female_20_ASKQO8N_face_1.jpg,1.46357615894,test
female_19_RSEZALK_face_0.jpg,-0.640732265446,test
female_21_GEELASO_face_0.jpg,2.54861111111,test
female_29_AUBEHUH_face_0.jpg,-1.48344370861,test
female_19_ARGSBSO_face_0.jpg,0.780320366133,test
female_30_RLH8GQH_face_0.jpg,-0.432494279176,test
female_23_RQBSKSH_face_0.jpg,-1.4238410596,test
female_37_RLBSO8O_face_0.jpg,-1.82119205298,test
female_18_BYAQBZH_face_1.jpg,0.871853546911,test
female_21_RRBZSRK_face_1.jpg,0.393592677346,test
female_28_RROMKME_face_0.jpg,0.54233409611,test
female_20_BZA8HUS_face_0.jpg,-4.90909090909,test
female_24_AZSZKES_face_0.jpg,-0.855835240275,test
female_27_OZRSGQA_face_0.jpg,-2.56944444444,test
female_21_RRK8SSA_face_1.jpg,3.08333333333,test
female_18_BQHZRRS_face_1.jpg,1.80463576159,test
female_23_RUKZNZR_face_0.jpg,0.350114416476,test
female_23_EEEUHMK_face_0.jpg,-1.91721854305,test
female_20_RRE8RUS_face_0.jpg,-0.816933638444,test
female_30_RRHREQN_face_0.jpg,0.0503432494279,test
female_36_RRRRA8R_face_0.jpg,0.954233409611,test
female_28_RRO8AYK_face_1.jpg,-0.146453089245,test
female_29_RRGQBZR_face_0.jpg,-0.00686498855835,test
female_23_ELH8R8R_face_1.jpg,1.17218543046,test
female_18_BYSYGYK_face_0.jpg,-0.940503432494,test
female_28_AZBQASN_face_0.jpg,0.201372997712,test
female_19_RLKQRQR_face_0.jpg,-1.65562913907,test
female_27_AQEMGEH_face_0.jpg,0.679633867277,test
female_21_ERGQBMO_face_0.jpg,-0.0755148741419,test
female_18_AYOMHMK_face_1.jpg,1.45695364238,test
female_27_RROSGYE_face_0.jpg,-0.695652173913,test
female_31_E8GRNQH_face_0.jpg,1.22516556291,test
female_32_RRGENLE_face_0.jpg,-0.130434782609,test
female_23_RUBYKRR_face_0.jpg,1.6357615894,test
female_20_ASKQSEE_face_0.jpg,0.700228832952,test
female_22_RLSRBZR_face_0.jpg,-0.549199084668,test
female_38_RMOSN8H_face_0.jpg,-1.49006622517,test
female_18_RLBLNSR_face_1.jpg,-0.425629290618,test
female_27_RRSLBZR_face_0.jpg,-2.52083333333,test
female_21_BYE8NQA_face_1.jpg,-1.16225165563,test
female_23_ARAMNER_face_0.jpg,-2.60416666667,test
female_31_RLBURLB_face_0.jpg,2.0,test
female_18_AEELAQG_face_0.jpg,-0.867276887872,test
female_24_E8BUKES_face_0.jpg,0.693363844394,test
female_18_OZOQALE_face_2.jpg,1.93708609272,test
female_28_RLSZOSG_face_0.jpg,-2.33333333333,test
female_29_O8HUHUH_face_0.jpg,-0.0892448512586,test
female_24_ARRYSUA_face_0.jpg,-2.95138888889,test
female_18_RLSSKEG_face_0.jpg,-0.988558352403,test
female_29_RMESEYS_face_1.jpg,-2.82638888889,test
female_26_AZRMBUB_face_0.jpg,-0.54004576659,test
female_18_E8GLGSO_face_0.jpg,-2.54166666667,test
female_23_AEBZKYA_face_0.jpg,-0.329519450801,test
female_22_EZHEBEH_face_0.jpg,1.13907284768,test
female_19_RLNUOUN_face_0.jpg,0.796338672769,test
female_19_EZOSAZO_face_0.jpg,1.42052980132,test
female_25_RRKEOZG_face_0.jpg,3.89583333333,test
female_18_BEB8OSS_face_0.jpg,-1.0761589404,test
female_18_A8EZSSK_face_0.jpg,1.83112582781,test
female_26_RLRSBZE_face_0.jpg,3.0,test
female_19_BYAUORK_face_0.jpg,1.25496688742,test
female_22_GUG8KR_face_0.jpg,0.734553775744,test
female_26_OUKLS8A_face_0.jpg,-0.736842105263,test
female_19_EEBLR8H_face_0.jpg,0.485125858124,test
female_25_GRSZRZA_face_0.jpg,0.549199084668,test
female_21_RRGLGQS_face_0.jpg,1.31456953642,test
female_20_RRN8KRG_face_0.jpg,-0.155606407323,test
female_22_GQAQGMK_face_2.jpg,1.38741721854,test
female_19_ASSZHSG_face_0.jpg,0.0320366132723,test
female_20_RLNYKZB_face_0.jpg,-1.96357615894,test
female_31_RSSQKRR_face_0.jpg,-0.354691075515,test
female_19_RSORRYN_face_1.jpg,-1.56622516556,test
female_28_RMSQNLK_face_0.jpg,-1.93377483444,test
female_31_RRNZHQN_face_0.jpg,-0.933638443936,test
female_22_ARHSNQB_face_0.jpg,1.32119205298,test
female_19_RRAEH8K_face_0.jpg,3.20833333333,test
female_20_EQGYGUB_face_0.jpg,-0.33409610984,test
female_28_RLSZOLS_face_0.jpg,1.72847682119,test
female_18_RMKSORA_face_0.jpg,1.34768211921,test
female_23_AQOEAER_face_0.jpg,-0.201372997712,test
female_18_A8SRN8R_face_0.jpg,1.14569536424,test
female_28_NRHLBMR_face_0.jpg,-0.176201372998,test
female_24_KSHUOEH_face_0.jpg,1.35099337748,test
female_26_RQELHZR_face_0.jpg,-0.734553775744,test
female_32_RLH8ARB_face_0.jpg,-0.700228832952,test
female_21_OMGMNEA_face_2.jpg,-0.546910755149,test
female_26_AQNRNYH_face_0.jpg,-2.90277777778,test
female_18_NZALNQA_face_1.jpg,1.4701986755,test
female_28_RSORKU_face_0.jpg,3.04166666667,test
female_20_NUGZOQO_face_0.jpg,2.4375,test
female_20_RLOEOUH_face_0.jpg,-1.7417218543,test
female_20_AER8KLS_face_0.jpg,-1.60264900662,test
female_24_RLRSSRG_face_0.jpg,1.3178807947,test
female_18_RMGRAYN_face_0.jpg,-0.997711670481,test
female_19_RRO8OQE_face_0.jpg,-2.91666666667,test
female_22_RREMNYR_face_0.jpg,-0.87643020595,test
female_19_ARALKZH_face_0.jpg,-1.8178807947,test
female_21_OUEUOZB_face_0.jpg,2.51388888889,test
female_36_ALHUNEK_face_0.jpg,1.11920529801,test
female_30_RRHSHYK_face_0.jpg,2.27777777778,test
female_36_RLGRSMN_face_1.jpg,3.39583333333,test
female_20_RMRMHRH_face_0.jpg,0.187643020595,test
female_19_RLRMAEB_face_0.jpg,-1.67880794702,test
female_32_RYERSRA_face_0.jpg,0.318077803204,test
female_26_RSAERUH_face_0.jpg,-2.72916666667,test
female_21_RSBQNSA_face_0.jpg,-0.567505720824,test
female_18_RLBMORG_face_0.jpg,-0.162471395881,test
female_18_RYSEERH_face_0.jpg,-1.79801324503,test
female_39_RLEUKMA_face_0.jpg,-4.18181818182,test
female_35_EEHZRE_face_0.jpg,-0.0114416475973,test
female_38_RQNSAEK_face_0.jpg,-3.52083333333,test
female_18_AQAMH8E_face_0.jpg,0.0846681922197,test
female_20_G8ELG8B_face_1.jpg,-0.237986270023,test
female_20_RLGYELN_face_0.jpg,2.31944444444,test
female_18_RRHLKYH_face_0.jpg,-1.14900662252,test
female_21_AUNQAYG_face_0.jpg,-0.652173913043,test
female_30_EQRENUR_face_0.jpg,-0.116704805492,test
female_19_GEEYOMB_face_1.jpg,0.578947368421,test
female_22_RRSRNLG_face_1.jpg,0.205949656751,test
female_18_RMOZBLO_face_1.jpg,-1.01986754967,test
female_22_RYRLSMB_face_1.jpg,0.304347826087,test
female_19_O8KMRSN_face_0.jpg,-2.27083333333,test
female_21_RRSMNQH_face_0.jpg,0.402745995423,test
female_18_GYO8KER_face_0.jpg,-0.173913043478,test
female_23_RMERKRB_face_0.jpg,0.148741418764,test
female_22_RLSLBSS_face_2.jpg,-2.58333333333,test
female_25_EZSYELR_face_0.jpg,2.8125,test
female_18_BSKSR8K_face_0.jpg,-0.0800915331808,test
female_26_RQSMNMA_face_0.jpg,-3.6875,test
female_37_BMEUK8N_face_1.jpg,-1.9701986755,test
female_21_RRNUKZG_face_0.jpg,-1.54304635762,test
female_26_AYR8H8E_face_0.jpg,-1.7582781457,test
female_40_RQNESEH_face_0.jpg,0.478260869565,test
female_24_RRGSKEH_face_0.jpg,0.510297482838,test
female_22_AEBYOSH_face_0.jpg,-0.675057208238,test
female_23_EYALSSG_face_0.jpg,1.32450331126,test
female_19_RQSQRQE_face_0.jpg,-3.0625,test
female_18_RRNEEQS_face_1.jpg,-1.20529801325,test
female_40_AQOUS8K_face_0.jpg,1.19205298013,test
female_21_BLA8AMR_face_0.jpg,-2.32638888889,test
female_23_RLNLGZK_face_0.jpg,0.727688787185,test
female_21_GZSUSMK_face_0.jpg,0.345537757437,test
female_22_GMOYA8E_face_0.jpg,2.58333333333,test
female_19_RLEZAEH_face_0.jpg,2.22222222222,test
female_35_RSOSG8K_face_0.jpg,-3.95833333333,test
female_18_RRAMNUO_face_0.jpg,-0.258581235698,test
female_18_RLSYKZE_face_0.jpg,2.96527777778,test
